{"stats":{"minecraft:broken":{"minecraft:leather_leggings":1,"minecraft:shield":1},"minecraft:killed":{"minecraft:vindicator":2,"minecraft:spider":4,"minecraft:skeleton":26,"minecraft:silverfish":3,"minecraft:wolf":2,"minecraft:zombie_villager":1,"minecraft:pillager":2,"minecraft:zombie":3,"minecraft:enderman":1},"minecraft:dropped":{"minecraft:iron_sword":5,"minecraft:wheat_seeds":2,"minecraft:crafting_table":1,"minecraft:feather":1,"minecraft:spruce_stairs":2,"minecraft:golden_apple":1,"minecraft:dirt":11,"farmersdelight:onion":3,"minecraft:sand":1,"minecraft:paper":3,"minecraft:string":1,"minecraft:compass":3,"minecraft:player_head":1,"minecraft:iron_boots":1,"minecraft:filled_map":2,"minecraft:gunpowder":16,"minecraft:spruce_planks":1,"minecraft:iron_chestplate":1,"minecraft:purple_bed":1,"minecraft:ladder":1,"minecraft:spruce_wood":4,"graveyard:tg_tuff":1,"minecraft:spruce_log":1,"minecraft:slime_ball":1,"minecraft:quartz":30},"minecraft:custom":{"minecraft:interact_with_smithing_table":1,"minecraft:mob_kills":45,"minecraft:interact_with_crafting_table":6,"minecraft:open_barrel":18,"minecraft:bell_ring":8,"minecraft:leave_game":3,"minecraft:time_since_death":1142,"minecraft:climb_one_cm":6547,"minecraft:damage_resisted":49,"minecraft:sprint_one_cm":461691,"minecraft:walk_one_cm":692264,"minecraft:damage_blocked_by_shield":2370,"minecraft:drop":33,"minecraft:deaths":93,"minecraft:sneak_time":73,"minecraft:walk_under_water_one_cm":19939,"minecraft:jump":3613,"minecraft:walk_on_water_one_cm":29860,"minecraft:interact_with_furnace":1,"minecraft:interact_with_cartography_table":3,"minecraft:play_one_minute":203935,"minecraft:sleep_in_bed":14,"minecraft:time_since_rest":1255,"minecraft:damage_taken":28192,"minecraft:damage_dealt":11537,"minecraft:fly_one_cm":580644,"minecraft:swim_one_cm":49835,"minecraft:player_kills":2,"minecraft:open_chest":75,"minecraft:fall_one_cm":91213},"minecraft:used":{"minecraft:flint_and_steel":12,"minecraft:spruce_planks":7,"minecraft:chest":1,"minecraft:shield":58,"minecraft:iron_sword":339,"minecraft:dirt":41,"minecraft:obsidian":7,"minecraft:bow":27,"minecraft:enchanted_golden_apple":1,"croptopia:grape":1,"minecraft:ender_pearl":1,"minecraft:golden_apple":5,"minecraft:crafting_table":2,"minecraft:white_bed":9,"minecraft:oak_log":1,"minecraft:apple":12,"minecraft:bread":18,"minecraft:string":1,"minecraft:iron_pickaxe":25,"minecraft:diamond_ore":1,"minecraft:spruce_sapling":1,"minecraft:purple_bed":7,"alexsmobs:animal_dictionary":1,"minecraft:experience_bottle":3},"minecraft:picked_up":{"minecraft:coarse_dirt":2,"minecraft:crafting_table":1,"minecraft:ladder":1,"minecraft:oak_trapdoor":1,"minecraft:string":7,"minecraft:soul_soil":1,"minecraft:compass":3,"minecraft:oak_sign":2,"minecraft:spruce_planks":13,"minecraft:rose_bush":2,"minecraft:written_book":1,"minecraft:player_head":3,"minecraft:spruce_slab":1,"minecraft:chest":1,"graveyard:moss_carpet":1,"minecraft:stick":3,"graveyard:tg_tuff":1,"croptopia:greenbean_seed":2,"minecraft:torch":6,"minecraft:spruce_stairs":2,"croptopia:grape":1,"minecraft:arrow":21,"minecraft:rotten_flesh":5,"farmersdelight:onion":3,"minecraft:gold_ingot":15,"graveyard:tg_moss_block":6,"minecraft:cobblestone":5,"minecraft:feather":1,"minecraft:tripwire_hook":1,"minecraft:andesite":3,"minecraft:jungle_fence":1,"minecraft:oak_log":2,"minecraft:gunpowder":11,"minecraft:dirt":89,"minecraft:bone":28,"minecraft:bow":1,"minecraft:wheat_seeds":11,"minecraft:spruce_wood":4,"minecraft:iron_ingot":27,"minecraft:iron_sword":7,"minecraft:soul_sand":1,"minecraft:dark_oak_stairs":4,"minecraft:book":3,"minecraft:cooked_porkchop":1,"minecraft:pumpkin":1,"minecraft:sweet_berries":4,"minecraft:quartz":30,"minecraft:dandelion":1,"minecraft:oak_pressure_plate":1,"minecraft:sand":2,"minecraft:spruce_sapling":3,"minecraft:soul_torch":11,"minecraft:white_bed":10,"minecraft:spruce_log":7,"atmospheric:water_hyacinth":1,"minecraft:purple_bed":8,"minecraft:slime_ball":2,"minecraft:diamond":2,"minecraft:iron_helmet":1,"minecraft:golden_apple":1,"minecraft:emerald":2,"minecraft:ender_pearl":1},"minecraft:killed_by":{"minecraft:player":7,"minecraft:wolf":2,"minecraft:creeper":2,"minecraft:vindicator":6,"minecraft:skeleton":73},"minecraft:crafted":{"minecraft:oak_planks":4,"minecraft:crafting_table":2,"minecraft:spruce_planks":20,"minecraft:iron_sword":1,"minecraft:shield":1,"minecraft:stick":8,"minecraft:iron_pickaxe":1},"minecraft:mined":{"minecraft:diamond_ore":2,"minecraft:spruce_planks":1,"minecraft:white_bed":9,"graveyard:tg_coarse_dirt":3,"minecraft:dark_oak_leaves":1,"croptopia:grape_crop":1,"minecraft:grass_block":28,"minecraft:soul_soil":1,"minecraft:spruce_leaves":13,"minecraft:spawner":1,"minecraft:large_fern":2,"graveyard:tg_moss_block":11,"minecraft:fire":1,"graveyard:tg_andesite":1,"minecraft:pumpkin":1,"minecraft:player_head":2,"minecraft:soul_sand":1,"graveyard:tg_rooted_dirt":2,"minecraft:oak_wood":1,"minecraft:chest":1,"graveyard:tg_grass_block":7,"minecraft:tall_grass":5,"minecraft:cobblestone":1,"graveyard:lying_skeleton":1,"minecraft:wall_torch":2,"minecraft:purple_bed":9,"atmospheric:water_hyacinth":1,"minecraft:spruce_log":6,"minecraft:birch_leaves":1,"graveyard:moss_block":1,"graveyard:tg_tuff":1,"minecraft:stone_brick_stairs":1,"minecraft:grass":25,"minecraft:oak_log":2,"minecraft:sand":1,"minecraft:dirt":21,"minecraft:cobweb":2,"minecraft:cracked_stone_bricks":2,"minecraft:stone_bricks":6,"minecraft:fern":9,"minecraft:infested_stone":1}},"DataVersion":2586}