{"stats":{"minecraft:used":{"minecraft:gravel":5,"atmospheric:yucca_flower":2,"minecraft:sand":3,"minecraft:dirt":17,"croptopia:squash":5,"minecraft:coarse_dirt":2},"minecraft:mined":{"minecraft:seagrass":3,"farmersdelight:wild_onions":5,"minecraft:coarse_dirt":2,"croptopia:orange_crop":1,"minecraft:soul_sand":1,"atmospheric:yucca_flower":1,"croptopia:soybean_crop":1,"croptopia:peach_crop":1,"minecraft:grass":38,"minecraft:grass_block":21,"minecraft:gravel":7,"minecraft:sand":15,"minecraft:dirt":28,"minecraft:soul_soil":1,"minecraft:tall_grass":3,"minecraft:spruce_leaves":6,"atmospheric:tall_yucca_flower":1},"minecraft:killed_by":{"minecraft:vindicator":1,"alexsmobs:crocodile":2,"alexsmobs:elephant":1,"minecraft:skeleton":6,"minecraft:creeper":1,"minecraft:spider":1,"minecraft:zombie":3,"alexsmobs:kangaroo":1},"minecraft:killed":{"minecraft:sheep":4,"alexsmobs:guster":1,"minecraft:zombie":2,"alexsmobs:rattlesnake":1},"minecraft:custom":{"minecraft:time_since_rest":432,"minecraft:sprint_one_cm":222085,"minecraft:damage_taken":5072,"minecraft:walk_one_cm":218280,"minecraft:interact_with_anvil":2,"minecraft:mob_kills":7,"minecraft:damage_dealt":1852,"minecraft:swim_one_cm":13354,"minecraft:fly_one_cm":613598,"minecraft:player_kills":5,"minecraft:open_chest":4,"minecraft:play_one_minute":125413,"minecraft:crouch_one_cm":419,"minecraft:deaths":19,"minecraft:sneak_time":348,"minecraft:walk_under_water_one_cm":3990,"minecraft:jump":2284,"minecraft:leave_game":6,"minecraft:time_since_death":405,"minecraft:walk_on_water_one_cm":37703,"minecraft:climb_one_cm":2574,"minecraft:fall_one_cm":54174},"minecraft:picked_up":{"minecraft:coarse_dirt":2,"minecraft:stick":1,"minecraft:wheat":3,"minecraft:allium":9,"croptopia:soybean_seed":1,"minecraft:gravel":5,"minecraft:flint":2,"minecraft:sand":22,"minecraft:dirt":47,"minecraft:soul_soil":1,"alexsmobs:guster_eye":1,"croptopia:soybean":1,"minecraft:rotten_flesh":4,"croptopia:squash":5,"minecraft:wheat_seeds":23,"farmersdelight:onion":5,"croptopia:orange":1,"atmospheric:yucca_flower":6,"minecraft:gray_wool":1,"minecraft:oak_sapling":2,"minecraft:black_wool":2,"minecraft:mutton":6,"minecraft:soul_sand":1,"minecraft:oak_leaves":1,"minecraft:white_wool":1}},"DataVersion":2586}