{"stats":{"minecraft:crafted":{"minecraft:diamond_sword":1,"minecraft:stick":4},"minecraft:used":{"minecraft:shield":2,"minecraft:iron_sword":13,"atmospheric:yucca_flower":2,"minecraft:orange_bed":6,"minecraft:dirt":19,"minecraft:sand":3,"minecraft:red_bed":1,"minecraft:white_bed":2,"minecraft:oak_log":1,"minecraft:gravel":5,"minecraft:wooden_sword":9,"minecraft:diamond_sword":44,"croptopia:squash":13,"minecraft:coarse_dirt":2},"minecraft:mined":{"minecraft:white_bed":3,"croptopia:orange_crop":1,"minecraft:soul_sand":2,"minecraft:grass_block":25,"minecraft:poppy":1,"minecraft:mushroom_stem":5,"croptopia:lemon_crop":2,"minecraft:soul_soil":2,"minecraft:tall_grass":7,"graveyard:tg_grass_block":2,"minecraft:spruce_leaves":9,"minecraft:cyan_wool":4,"atmospheric:red_arid_sand":4,"minecraft:skeleton_skull":1,"minecraft:seagrass":3,"farmersdelight:wild_onions":5,"minecraft:coarse_dirt":2,"minecraft:wheat":22,"atmospheric:yucca_flower":1,"croptopia:soybean_crop":1,"minecraft:brown_bed":1,"croptopia:yam_crop":2,"minecraft:white_wall_banner":1,"minecraft:grass_path":3,"croptopia:peach_crop":2,"minecraft:grass":67,"croptopia:squash_crop":13,"minecraft:oak_log":2,"minecraft:sunflower":9,"minecraft:sand":15,"minecraft:gravel":7,"minecraft:dirt":31,"minecraft:oak_leaves":13,"minecraft:orange_bed":6,"atmospheric:tall_yucca_flower":1},"minecraft:custom":{"minecraft:interact_with_furnace":3,"minecraft:interact_with_anvil":2,"minecraft:mob_kills":12,"minecraft:open_barrel":1,"minecraft:interact_with_crafting_table":1,"minecraft:play_one_minute":238089,"minecraft:bell_ring":1,"minecraft:leave_game":9,"minecraft:time_since_death":0,"minecraft:sleep_in_bed":7,"minecraft:climb_one_cm":6827,"minecraft:time_since_rest":59,"minecraft:sprint_one_cm":480920,"minecraft:damage_taken":12601,"minecraft:walk_one_cm":492096,"minecraft:damage_blocked_by_shield":80,"minecraft:drop":24,"minecraft:damage_dealt":3671,"minecraft:player_kills":6,"minecraft:swim_one_cm":32653,"minecraft:fly_one_cm":1174681,"minecraft:open_chest":27,"minecraft:crouch_one_cm":491,"minecraft:deaths":48,"minecraft:sneak_time":417,"minecraft:walk_under_water_one_cm":10445,"minecraft:jump":4835,"minecraft:walk_on_water_one_cm":61676,"minecraft:fall_one_cm":127768},"minecraft:picked_up":{"alexsmobs:maraca":4,"minecraft:coarse_dirt":2,"minecraft:wheat":42,"minecraft:allium":9,"croptopia:radish":1,"atmospheric:aloe_kernels":1,"minecraft:diamond_sword":1,"minecraft:brown_bed":1,"minecraft:enchanted_book":1,"minecraft:flint":2,"minecraft:oak_log":2,"minecraft:shield":1,"minecraft:red_bed":1,"minecraft:string":2,"minecraft:dirt":107,"minecraft:white_banner":1,"minecraft:lantern":1,"minecraft:soul_soil":2,"minecraft:zombie_head":1,"croptopia:soybean":1,"minecraft:bone":12,"minecraft:acacia_planks":19,"minecraft:cyan_wool":3,"minecraft:wheat_seeds":136,"croptopia:squash":19,"croptopia:tomato_seed":4,"atmospheric:yucca_flower":6,"croptopia:tomato":4,"minecraft:poppy":2,"croptopia:kiwi":1,"minecraft:iron_sword":2,"minecraft:soul_sand":2,"croptopia:yam":2,"minecraft:stick":5,"croptopia:soybean_seed":1,"minecraft:gravel":5,"minecraft:sand":22,"minecraft:white_bed":3,"minecraft:spider_eye":2,"croptopia:yam_seed":4,"alexsmobs:animal_dictionary":1,"atmospheric:red_arid_sand":4,"minecraft:orange_bed":11,"minecraft:arrow":2,"croptopia:lemon":1,"alexsmobs:guster_eye":1,"minecraft:rotten_flesh":6,"croptopia:squash_seed":18,"minecraft:diamond":1,"atmospheric:barrel_cactus":3,"farmersdelight:onion":5,"minecraft:diamond_boots":2,"croptopia:orange":1,"minecraft:gray_wool":1,"minecraft:saddle":1,"minecraft:sunflower":6,"minecraft:emerald":20,"minecraft:oak_sapling":2,"minecraft:melon_seeds":1,"minecraft:black_wool":2,"minecraft:mutton":8,"minecraft:oak_leaves":1,"minecraft:iron_bars":8,"minecraft:skeleton_skull":1,"minecraft:white_wool":2,"minecraft:oxeye_daisy":5},"minecraft:killed_by":{"minecraft:vindicator":2,"minecraft:player":7,"alexsmobs:crocodile":2,"minecraft:skeleton":12,"minecraft:creeper":2,"minecraft:spider":1,"minecraft:witch":1,"minecraft:pillager":9,"minecraft:zombie":3,"alexsmobs:kangaroo":1,"alexsmobs:grizzly_bear":2,"alexsmobs:elephant":1},"minecraft:killed":{"alexsmobs:guster":1,"minecraft:spider":1,"alexsmobs:rattlesnake":1,"minecraft:sheep":4,"minecraft:skeleton":2,"minecraft:pillager":1,"minecraft:zombie":2},"minecraft:dropped":{"minecraft:soul_sand":1,"minecraft:soul_soil":1,"minecraft:wheat_seeds":37,"minecraft:wheat":1,"minecraft:rotten_flesh":1,"alexsmobs:maraca":1,"minecraft:poppy":1,"minecraft:dirt":16,"croptopia:squash_seed":18,"minecraft:gunpowder":6,"minecraft:spider_eye":2,"atmospheric:aloe_kernels":1,"minecraft:orange_bed":2,"minecraft:string":2,"atmospheric:red_arid_sand":4,"croptopia:squash":2,"croptopia:yam_seed":4,"croptopia:yam":2}},"DataVersion":2586}