{"stats":{"minecraft:custom":{"minecraft:mob_kills":15,"minecraft:interact_with_crafting_table":16,"minecraft:leave_game":6,"minecraft:time_since_death":4960,"minecraft:climb_one_cm":1232,"minecraft:sprint_one_cm":500837,"minecraft:walk_one_cm":459802,"minecraft:drop":5,"minecraft:deaths":21,"minecraft:sneak_time":1785,"minecraft:walk_under_water_one_cm":2090,"minecraft:jump":3050,"minecraft:walk_on_water_one_cm":26691,"minecraft:interact_with_furnace":3,"minecraft:play_one_minute":160291,"minecraft:sleep_in_bed":5,"minecraft:time_since_rest":3420,"minecraft:damage_taken":6569,"minecraft:damage_absorbed":50,"minecraft:damage_dealt":3260,"minecraft:swim_one_cm":3187,"minecraft:fly_one_cm":527102,"minecraft:open_chest":17,"minecraft:crouch_one_cm":5263,"minecraft:fall_one_cm":73279,"minecraft:horse_one_cm":381},"minecraft:picked_up":{"minecraft:wheat":77,"minecraft:coarse_dirt":7,"minecraft:crafting_table":4,"croptopia:zucchini":17,"croptopia:peach":1,"atmospheric:aloe_leaves":4,"minecraft:cornflower":1,"croptopia:lettuce":7,"minecraft:soul_soil":1,"croptopia:soybean":7,"croptopia:pear":1,"croptopia:tomato_seed":4,"atmospheric:yucca_flower":2,"minecraft:poppy":3,"minecraft:stick":4,"croptopia:soybean_seed":14,"minecraft:acacia_log":11,"minecraft:porkchop":4,"minecraft:diorite":7,"minecraft:carrot":5,"croptopia:yam_seed":4,"atmospheric:yellow_blossoms":3,"minecraft:orange_bed":1,"minecraft:arrow":2,"minecraft:rotten_flesh":10,"croptopia:squash_seed":18,"minecraft:hay_block":5,"alexsmobs:emu_egg":1,"minecraft:gold_ingot":6,"graveyard:tg_moss_block":1,"minecraft:mutton":5,"graveyard:tg_rooted_dirt":4,"minecraft:white_wool":4,"minecraft:cobblestone":29,"croptopia:lettuce_seed":9,"minecraft:birch_log":8,"minecraft:lilac":2,"atmospheric:aloe_kernels":6,"minecraft:acacia_wood":1,"minecraft:birch_planks":17,"minecraft:oak_log":75,"minecraft:dirt":32,"minecraft:bone":24,"minecraft:wheat_seeds":225,"croptopia:squash":13,"minecraft:iron_ore":13,"croptopia:tomato":2,"minecraft:oak_planks":5,"minecraft:soul_sand":1,"croptopia:yam":1,"minecraft:dandelion":1,"minecraft:stripped_spruce_log":1,"minecraft:spruce_sapling":3,"graveyard:moss_block":6,"minecraft:mossy_cobblestone":3,"croptopia:orange":1,"minecraft:oak_sapling":7,"croptopia:zucchini_seed":26,"minecraft:coal":19},"minecraft:killed":{"alexsmobs:raccoon":1,"minecraft:pig":2,"minecraft:sheep":4,"minecraft:zombie":3},"minecraft:dropped":{"croptopia:squash":5},"minecraft:broken":{"minecraft:wooden_axe":1},"minecraft:killed_by":{"minecraft:player":5,"minecraft:creeper":1,"minecraft:spider":2,"minecraft:pillager":2,"alexsmobs:crocodile":1,"minecraft:skeleton":4,"minecraft:zombie":4},"minecraft:used":{"minecraft:poppy":1,"minecraft:chest":1,"graveyard:moss_block":5,"croptopia:zucchini":12,"minecraft:orange_bed":1,"minecraft:dirt":24,"minecraft:carrot":1,"atmospheric:aloe_leaves":6,"minecraft:wooden_axe":47,"carryon:entity_item":14,"minecraft:totem_of_undying":1,"croptopia:peach":1,"minecraft:furnace":1,"croptopia:lettuce":6,"graveyard:tg_rooted_dirt":4,"croptopia:squash":8,"minecraft:acacia_planks":8,"minecraft:golden_axe":12,"croptopia:tomato":2,"minecraft:stone_pickaxe":67,"minecraft:oak_planks":19,"minecraft:wooden_pickaxe":14,"minecraft:golden_apple":1,"minecraft:mossy_cobblestone":3,"minecraft:sand":3,"minecraft:crafting_table":6,"croptopia:orange":1,"minecraft:cornflower":1,"minecraft:bread":3,"graveyard:tg_moss_block":1,"minecraft:stone_axe":7,"minecraft:wooden_sword":1,"minecraft:porkchop":4,"minecraft:dandelion":1},"minecraft:crafted":{"minecraft:wooden_sword":2,"minecraft:oak_planks":300,"minecraft:furnace":1,"minecraft:stone_pickaxe":2,"minecraft:chest":1,"minecraft:crafting_table":5,"minecraft:wooden_pickaxe":2,"minecraft:birch_planks":32,"minecraft:stone_axe":1,"minecraft:air":0,"minecraft:stick":24,"minecraft:iron_ingot":2,"minecraft:wooden_axe":4,"minecraft:acacia_planks":20},"minecraft:mined":{"croptopia:orange_crop":1,"minecraft:mossy_cobblestone":4,"farmersdelight:wild_carrots":5,"atmospheric:tall_aloe_vera":1,"croptopia:persimmon_crop":1,"minecraft:acacia_log":4,"minecraft:grass_block":26,"minecraft:soul_soil":1,"minecraft:spruce_leaves":33,"minecraft:large_fern":1,"minecraft:hay_block":4,"graveyard:tg_moss_block":2,"minecraft:iron_ore":15,"minecraft:acacia_wood":1,"croptopia:soybean_crop":7,"minecraft:stripped_spruce_log":1,"croptopia:peach_crop":1,"croptopia:squash_crop":13,"atmospheric:arid_sprouts":2,"minecraft:stone":26,"atmospheric:tall_yucca_flower":2,"minecraft:orange_bed":1,"minecraft:soul_sand":1,"croptopia:lettuce_crop":7,"minecraft:dandelion":1,"minecraft:crafting_table":4,"minecraft:cornflower":1,"graveyard:tg_rooted_dirt":4,"atmospheric:aloe_vera":1,"minecraft:poppy":3,"minecraft:dead_bush":1,"graveyard:tg_grass_block":1,"minecraft:tall_grass":60,"minecraft:oak_planks":5,"minecraft:diorite":7,"minecraft:seagrass":3,"minecraft:coarse_dirt":7,"croptopia:zucchini_crop":17,"minecraft:birch_log":3,"minecraft:wheat":9,"atmospheric:yucca_flower":1,"minecraft:lilac":2,"croptopia:pear_crop":1,"croptopia:avocado_crop":3,"graveyard:moss_block":6,"minecraft:grass_path":2,"croptopia:tomato_crop":2,"minecraft:grass":337,"minecraft:oak_log":26,"minecraft:coal_ore":19,"minecraft:dirt":13,"minecraft:oak_leaves":11,"minecraft:fern":1}},"DataVersion":2586}