{"stats":{"minecraft:custom":{"minecraft:mob_kills":40,"minecraft:animals_bred":1,"minecraft:interact_with_crafting_table":44,"minecraft:leave_game":8,"minecraft:time_since_death":47257,"minecraft:climb_one_cm":4144,"minecraft:sprint_one_cm":659846,"minecraft:walk_one_cm":727625,"minecraft:damage_blocked_by_shield":2540,"minecraft:drop":10,"minecraft:deaths":23,"minecraft:sneak_time":2946,"minecraft:walk_under_water_one_cm":9610,"minecraft:jump":3881,"minecraft:interact_with_blast_furnace":4,"minecraft:walk_on_water_one_cm":35410,"minecraft:interact_with_furnace":44,"minecraft:play_one_minute":241246,"minecraft:sleep_in_bed":12,"minecraft:time_since_rest":1948,"minecraft:damage_taken":8490,"minecraft:damage_absorbed":50,"minecraft:damage_dealt":6571,"minecraft:swim_one_cm":6222,"minecraft:fly_one_cm":624126,"minecraft:open_chest":54,"minecraft:crouch_one_cm":7147,"minecraft:fall_one_cm":89928,"minecraft:horse_one_cm":381},"minecraft:picked_up":{"minecraft:wheat":137,"minecraft:crafting_table":6,"minecraft:coarse_dirt":7,"croptopia:zucchini":17,"croptopia:peach":1,"croptopia:calamari":1,"minecraft:shield":1,"atmospheric:aloe_leaves":4,"minecraft:cornflower":1,"minecraft:soul_soil":1,"croptopia:lettuce":7,"minecraft:acacia_door":2,"croptopia:soybean":7,"croptopia:pear":1,"croptopia:tomato_seed":7,"atmospheric:yucca_flower":2,"minecraft:poppy":3,"alexsmobs:raccoon_tail":1,"minecraft:birch_sapling":2,"minecraft:tipped_arrow":1,"minecraft:stick":6,"croptopia:soybean_seed":14,"minecraft:torch":4,"minecraft:acacia_log":87,"minecraft:porkchop":10,"minecraft:diorite":7,"minecraft:carrot":5,"croptopia:yam_seed":4,"atmospheric:yellow_blossoms":3,"minecraft:orange_bed":1,"minecraft:arrow":14,"minecraft:rotten_flesh":16,"croptopia:persimmon":1,"croptopia:squash_seed":23,"croptopia:raspberry_seed":4,"minecraft:hay_block":5,"alexsmobs:emu_egg":1,"minecraft:gold_ingot":6,"graveyard:tg_moss_block":1,"minecraft:mutton":5,"minecraft:white_wool":4,"minecraft:iron_bars":2,"graveyard:tg_rooted_dirt":4,"minecraft:cobblestone":43,"minecraft:birch_log":12,"croptopia:lettuce_seed":9,"minecraft:lilac":2,"minecraft:andesite":4,"atmospheric:aloe_kernels":6,"minecraft:acacia_wood":1,"minecraft:birch_planks":17,"minecraft:oak_log":87,"minecraft:gunpowder":2,"minecraft:dirt":61,"minecraft:bone":45,"minecraft:acacia_planks":56,"minecraft:wheat_seeds":346,"croptopia:squash":13,"croptopia:raspberry":1,"minecraft:iron_ore":44,"croptopia:tomato":4,"minecraft:oak_planks":7,"minecraft:soul_sand":1,"croptopia:yam":1,"minecraft:dandelion":1,"minecraft:sand":5,"minecraft:blast_furnace":1,"minecraft:stripped_spruce_log":1,"minecraft:spruce_sapling":3,"minecraft:ink_sac":6,"minecraft:acacia_stairs":93,"graveyard:moss_block":6,"minecraft:mossy_cobblestone":3,"minecraft:stripped_acacia_log":1,"croptopia:lemon":1,"croptopia:orange":1,"minecraft:oak_sapling":10,"minecraft:melon_seeds":3,"croptopia:zucchini_seed":26,"minecraft:coal":40},"minecraft:killed":{"alexsmobs:raccoon":5,"minecraft:skeleton":9,"minecraft:pig":4,"minecraft:sheep":4,"minecraft:zombie":10},"minecraft:broken":{"minecraft:shield":1,"minecraft:iron_axe":1,"minecraft:wooden_axe":1},"minecraft:dropped":{"minecraft:ink_sac":3,"croptopia:calamari":1,"minecraft:melon_seeds":1,"croptopia:squash":5},"minecraft:killed_by":{"minecraft:player":5,"minecraft:creeper":2,"minecraft:spider":2,"minecraft:pillager":2,"alexsmobs:crocodile":1,"minecraft:skeleton":5,"minecraft:zombie":4},"minecraft:used":{"minecraft:iron_shovel":33,"minecraft:acacia_log":2,"minecraft:poppy":1,"minecraft:chest":2,"minecraft:shield":69,"minecraft:iron_sword":20,"graveyard:moss_block":5,"croptopia:zucchini":12,"minecraft:orange_bed":1,"minecraft:torch":18,"minecraft:dirt":70,"minecraft:carrot":1,"croptopia:raspberry":1,"atmospheric:aloe_leaves":6,"minecraft:wooden_axe":54,"minecraft:iron_axe":195,"carryon:entity_item":15,"croptopia:yam_seed":2,"minecraft:totem_of_undying":1,"minecraft:melon_seeds":2,"croptopia:persimmon":1,"croptopia:peach":1,"minecraft:bow":4,"graveyard:tg_rooted_dirt":4,"minecraft:furnace":2,"croptopia:lettuce":6,"croptopia:squash":8,"minecraft:acacia_planks":8,"croptopia:raspberry_seed":2,"minecraft:golden_axe":12,"croptopia:tomato":2,"croptopia:lemon":1,"minecraft:stone_pickaxe":84,"minecraft:oak_planks":46,"minecraft:wooden_pickaxe":22,"minecraft:golden_apple":1,"minecraft:mossy_cobblestone":3,"minecraft:sand":10,"minecraft:crafting_table":8,"minecraft:blast_furnace":1,"croptopia:orange":1,"croptopia:squash_seed":18,"croptopia:yam":1,"minecraft:cornflower":1,"minecraft:apple":8,"minecraft:bread":21,"minecraft:iron_pickaxe":108,"croptopia:tomato_seed":7,"graveyard:tg_moss_block":1,"minecraft:stone_axe":7,"minecraft:wooden_sword":1,"minecraft:cobblestone":10,"minecraft:porkchop":4,"minecraft:andesite":4,"minecraft:dandelion":1},"minecraft:crafted":{"minecraft:wooden_sword":2,"minecraft:oak_planks":348,"minecraft:furnace":2,"minecraft:iron_boots":1,"minecraft:iron_axe":2,"minecraft:stone_pickaxe":2,"croptopia:flour":1,"minecraft:chest":2,"minecraft:cooked_porkchop":6,"minecraft:crafting_table":5,"minecraft:iron_helmet":1,"minecraft:wooden_pickaxe":2,"minecraft:birch_planks":40,"minecraft:stone_axe":1,"minecraft:air":0,"minecraft:bread":9,"minecraft:iron_chestplate":1,"minecraft:charcoal":7,"minecraft:shield":2,"minecraft:stick":40,"minecraft:iron_ingot":37,"minecraft:iron_pickaxe":1,"minecraft:wooden_axe":4,"minecraft:iron_shovel":1,"minecraft:iron_leggings":1,"minecraft:acacia_planks":32,"minecraft:torch":28},"minecraft:mined":{"minecraft:dead_horn_coral_fan":1,"croptopia:orange_crop":1,"minecraft:mossy_cobblestone":4,"farmersdelight:wild_carrots":5,"atmospheric:tall_aloe_vera":1,"croptopia:persimmon_crop":2,"minecraft:acacia_log":6,"minecraft:grass_block":54,"minecraft:soul_soil":1,"minecraft:spruce_leaves":33,"minecraft:large_fern":1,"minecraft:hay_block":4,"graveyard:tg_moss_block":2,"minecraft:iron_ore":46,"minecraft:acacia_wood":1,"croptopia:soybean_crop":7,"minecraft:acacia_stairs":82,"minecraft:andesite":5,"minecraft:stripped_spruce_log":1,"croptopia:peach_crop":1,"croptopia:squash_crop":13,"atmospheric:arid_sprouts":2,"minecraft:stripped_acacia_log":1,"minecraft:stone":38,"atmospheric:tall_yucca_flower":2,"minecraft:orange_bed":1,"minecraft:glass_pane":3,"minecraft:soul_sand":1,"minecraft:melon_stem":3,"croptopia:lettuce_crop":7,"minecraft:dandelion":1,"minecraft:crafting_table":6,"minecraft:cornflower":1,"minecraft:torch":1,"graveyard:tg_rooted_dirt":4,"minecraft:blast_furnace":1,"atmospheric:aloe_vera":1,"minecraft:poppy":3,"minecraft:dead_bush":1,"croptopia:raspberry_crop":1,"croptopia:lemon_crop":1,"minecraft:tall_grass":60,"graveyard:tg_grass_block":1,"minecraft:oak_planks":9,"minecraft:diorite":7,"minecraft:seagrass":3,"minecraft:coarse_dirt":7,"croptopia:zucchini_crop":17,"minecraft:birch_log":7,"minecraft:wheat":47,"atmospheric:yucca_flower":1,"minecraft:lilac":2,"croptopia:pear_crop":1,"croptopia:avocado_crop":3,"graveyard:moss_block":6,"graveyard:tg_tuff":1,"croptopia:tomato_crop":2,"minecraft:grass_path":2,"minecraft:grass":347,"minecraft:oak_log":26,"minecraft:coal_ore":43,"minecraft:acacia_door":1,"minecraft:sand":4,"minecraft:dirt":20,"minecraft:acacia_planks":57,"minecraft:oak_leaves":13,"minecraft:fern":1}},"DataVersion":2586}