{"stats":{"minecraft:picked_up":{"minecraft:wheat_seeds":1},"minecraft:mined":{"minecraft:tall_grass":1},"minecraft:killed_by":{"minecraft:zombie":4,"minecraft:skeleton":1},"minecraft:custom":{"minecraft:jump":77,"minecraft:time_since_rest":0,"minecraft:crouch_one_cm":12,"minecraft:damage_dealt":157,"minecraft:play_one_minute":34509,"minecraft:damage_taken":1050,"minecraft:leave_game":3,"minecraft:sprint_one_cm":17562,"minecraft:walk_one_cm":18999,"minecraft:time_since_death":0,"minecraft:deaths":5,"minecraft:sneak_time":59,"minecraft:climb_one_cm":312,"minecraft:fall_one_cm":2069,"minecraft:fly_one_cm":19026}},"DataVersion":2586}