{"stats":{"minecraft:broken":{"minecraft:iron_boots":1,"minecraft:flint_and_steel":1,"minecraft:shield":3,"minecraft:iron_axe":1,"minecraft:iron_helmet":1},"minecraft:killed":{"minecraft:skeleton":22,"minecraft:silverfish":2,"minecraft:zombie_villager":1,"minecraft:creeper":1,"minecraft:sheep":2,"minecraft:pillager":6,"minecraft:zombie":7,"minecraft:cow":1},"minecraft:custom":{"minecraft:mob_kills":48,"minecraft:interact_with_crafting_table":21,"minecraft:open_barrel":24,"minecraft:bell_ring":4,"minecraft:leave_game":5,"minecraft:time_since_death":85978,"minecraft:climb_one_cm":6307,"minecraft:sprint_one_cm":634799,"minecraft:walk_one_cm":688663,"minecraft:damage_blocked_by_shield":7085,"minecraft:drop":107,"minecraft:deaths":68,"minecraft:sneak_time":1867,"minecraft:walk_under_water_one_cm":17320,"minecraft:jump":3783,"minecraft:interact_with_blast_furnace":1,"minecraft:walk_on_water_one_cm":39790,"minecraft:interact_with_furnace":6,"minecraft:play_one_minute":206928,"minecraft:sleep_in_bed":18,"minecraft:time_since_rest":11555,"minecraft:damage_taken":22270,"minecraft:damage_dealt":11217,"minecraft:swim_one_cm":59306,"minecraft:fly_one_cm":549893,"minecraft:player_kills":7,"minecraft:open_chest":75,"minecraft:crouch_one_cm":4711,"minecraft:interact_with_smoker":2,"minecraft:fall_one_cm":97126},"minecraft:dropped":{"minecraft:iron_ingot":2,"minecraft:iron_sword":2,"minecraft:dark_oak_stairs":4,"minecraft:wheat_seeds":17,"minecraft:oak_log":1,"graveyard:tg_moss_block":1,"minecraft:iron_helmet":2,"minecraft:cobblestone":2,"minecraft:stick":18,"minecraft:dirt":2,"croptopia:greenbean":4,"minecraft:rose_bush":4,"croptopia:pepper":1,"minecraft:iron_leggings":1,"farmersdelight:onion":6,"minecraft:string":1,"minecraft:white_wool":3,"minecraft:cyan_carpet":1,"minecraft:spruce_sapling":6,"minecraft:compass":1,"minecraft:sweet_berries":14,"minecraft:coarse_dirt":3,"minecraft:rotten_flesh":4,"minecraft:iron_boots":2,"croptopia:greenbean_seed":2,"minecraft:filled_map":1,"minecraft:gunpowder":32,"minecraft:purple_bed":1,"graveyard:moss_block":2,"minecraft:charcoal":9,"minecraft:andesite":6,"minecraft:slime_ball":2,"minecraft:blue_orchid":2,"minecraft:beef":5},"minecraft:used":{"minecraft:flint_and_steel":64,"minecraft:spruce_planks":44,"minecraft:shield":167,"minecraft:iron_sword":138,"minecraft:torch":18,"minecraft:dirt":28,"minecraft:mutton":3,"minecraft:iron_axe":155,"minecraft:bow":28,"minecraft:beef":4,"minecraft:sweet_berries":8,"minecraft:furnace":1,"minecraft:egg":3,"minecraft:cooked_beef":4,"minecraft:water_bucket":1,"minecraft:oak_planks":3,"minecraft:crafting_table":5,"minecraft:white_bed":7,"minecraft:smoker":1,"minecraft:apple":14,"minecraft:bread":39,"minecraft:iron_pickaxe":63,"minecraft:purple_bed":11,"minecraft:cooked_porkchop":2,"minecraft:porkchop":1,"minecraft:bucket":2,"croptopia:greenbean":1,"minecraft:experience_bottle":5},"minecraft:picked_up":{"minecraft:coarse_dirt":3,"minecraft:wheat":6,"minecraft:string":1,"graveyard:tg_deepslate_bricks":1,"minecraft:compass":1,"minecraft:cyan_carpet":2,"minecraft:blue_orchid":2,"minecraft:spruce_planks":7,"minecraft:beef":6,"minecraft:rose_bush":4,"minecraft:furnace":1,"minecraft:iron_boots":2,"minecraft:egg":3,"graveyard:tg_tuff":1,"minecraft:stick":17,"croptopia:greenbean_seed":3,"minecraft:torch":2,"minecraft:arrow":20,"minecraft:rotten_flesh":6,"farmersdelight:onion":5,"croptopia:pepper":1,"graveyard:tg_moss_block":1,"minecraft:mutton":6,"minecraft:white_wool":4,"minecraft:cobblestone":19,"minecraft:feather":3,"minecraft:andesite":7,"minecraft:leather":2,"minecraft:smoker":1,"minecraft:potato":1,"minecraft:filled_map":1,"minecraft:oak_log":5,"minecraft:gunpowder":17,"minecraft:dirt":50,"minecraft:bone":28,"minecraft:bow":1,"minecraft:wheat_seeds":37,"minecraft:iron_ingot":8,"minecraft:iron_sword":3,"minecraft:oak_planks":3,"minecraft:mossy_stone_brick_stairs":1,"minecraft:book":5,"minecraft:sweet_berries":24,"minecraft:dandelion":1,"minecraft:spruce_sapling":8,"minecraft:white_bed":6,"minecraft:spruce_log":24,"graveyard:moss_block":2,"minecraft:purple_bed":12,"minecraft:slime_ball":2,"minecraft:iron_helmet":1,"croptopia:greenbean":5,"minecraft:coal":19},"minecraft:killed_by":{"minecraft:player":2,"minecraft:creeper":4,"minecraft:pillager":1,"minecraft:vindicator":6,"minecraft:skeleton":54},"minecraft:crafted":{"minecraft:furnace":1,"minecraft:iron_axe":2,"minecraft:smoker":1,"minecraft:cooked_beef":5,"minecraft:cooked_porkchop":2,"minecraft:crafting_table":5,"minecraft:spruce_planks":96,"minecraft:bucket":1,"minecraft:air":0,"minecraft:bread":2,"minecraft:shield":3,"minecraft:stick":16,"minecraft:iron_pickaxe":1,"minecraft:white_bed":1,"minecraft:torch":16},"minecraft:mined":{"minecraft:spruce_planks":1,"minecraft:white_bed":7,"graveyard:tg_coarse_dirt":8,"croptopia:greenbean_crop":1,"minecraft:dark_oak_leaves":1,"farmersdelight:wild_carrots":4,"minecraft:ladder":1,"minecraft:grass_block":18,"minecraft:soul_soil":1,"graveyard:tg_stone":1,"minecraft:spruce_leaves":9,"minecraft:spawner":4,"minecraft:large_fern":20,"minecraft:tall_seagrass":3,"graveyard:moss_carpet":1,"minecraft:furnace":1,"graveyard:tg_moss_block":6,"minecraft:fire":3,"minecraft:stripped_spruce_log":1,"minecraft:peony":1,"minecraft:mossy_stone_brick_stairs":1,"minecraft:blue_orchid":1,"minecraft:stone":18,"farmersdelight:wild_potatoes":1,"valhelsia_structures:stone":1,"minecraft:soul_sand":1,"minecraft:smoker":1,"minecraft:crafting_table":1,"minecraft:torch":1,"minecraft:oak_wood":1,"atmospheric:rosewood_leaves":1,"minecraft:rose_bush":3,"minecraft:mushroom_stem":2,"graveyard:tg_cobbled_deepslate":1,"minecraft:tall_grass":12,"graveyard:tg_grass_block":9,"minecraft:oak_planks":3,"minecraft:purple_bed":9,"minecraft:coarse_dirt":1,"minecraft:sweet_berry_bush":17,"minecraft:spruce_log":5,"minecraft:birch_leaves":1,"graveyard:tg_deepslate_bricks":1,"graveyard:moss_block":2,"graveyard:tg_tuff":1,"minecraft:stone_brick_stairs":2,"minecraft:grass":69,"minecraft:oak_log":5,"minecraft:cyan_carpet":1,"minecraft:dirt":9,"minecraft:cobweb":7,"minecraft:stone_bricks":2,"minecraft:mossy_stone_bricks":2,"minecraft:oak_leaves":14,"minecraft:fern":26}},"DataVersion":2586}