{"stats":{"minecraft:broken":{"minecraft:shield":1,"minecraft:wooden_axe":1},"minecraft:killed":{"alexsmobs:raccoon":1,"minecraft:skeleton":8,"minecraft:pig":4,"minecraft:sheep":4,"minecraft:zombie":10},"minecraft:dropped":{"croptopia:squash":5},"minecraft:custom":{"minecraft:mob_kills":35,"minecraft:interact_with_crafting_table":38,"minecraft:leave_game":6,"minecraft:time_since_death":11130,"minecraft:climb_one_cm":4144,"minecraft:sprint_one_cm":619607,"minecraft:walk_one_cm":622526,"minecraft:damage_blocked_by_shield":2540,"minecraft:drop":5,"minecraft:deaths":23,"minecraft:sneak_time":2201,"minecraft:walk_under_water_one_cm":6406,"minecraft:jump":3758,"minecraft:walk_on_water_one_cm":32723,"minecraft:interact_with_furnace":35,"minecraft:play_one_minute":205119,"minecraft:sleep_in_bed":8,"minecraft:time_since_rest":10987,"minecraft:damage_taken":8241,"minecraft:damage_absorbed":50,"minecraft:damage_dealt":6178,"minecraft:swim_one_cm":3187,"minecraft:fly_one_cm":605230,"minecraft:open_chest":43,"minecraft:crouch_one_cm":5785,"minecraft:fall_one_cm":85047,"minecraft:horse_one_cm":381},"minecraft:used":{"minecraft:poppy":1,"minecraft:chest":1,"minecraft:shield":69,"minecraft:iron_sword":12,"graveyard:moss_block":5,"croptopia:zucchini":12,"minecraft:orange_bed":1,"minecraft:torch":18,"minecraft:dirt":43,"minecraft:carrot":1,"croptopia:raspberry":1,"atmospheric:aloe_leaves":6,"minecraft:wooden_axe":54,"minecraft:iron_axe":31,"carryon:entity_item":14,"minecraft:totem_of_undying":1,"croptopia:persimmon":1,"croptopia:peach":1,"minecraft:furnace":2,"croptopia:lettuce":6,"graveyard:tg_rooted_dirt":4,"croptopia:squash":8,"minecraft:acacia_planks":8,"minecraft:golden_axe":12,"croptopia:tomato":2,"croptopia:lemon":1,"minecraft:stone_pickaxe":84,"minecraft:oak_planks":37,"minecraft:wooden_pickaxe":22,"minecraft:golden_apple":1,"minecraft:mossy_cobblestone":3,"minecraft:sand":10,"minecraft:crafting_table":7,"croptopia:orange":1,"minecraft:cornflower":1,"minecraft:apple":8,"minecraft:bread":18,"minecraft:iron_pickaxe":107,"croptopia:tomato_seed":4,"graveyard:tg_moss_block":1,"minecraft:stone_axe":7,"minecraft:wooden_sword":1,"minecraft:cobblestone":10,"minecraft:porkchop":4,"minecraft:andesite":4,"minecraft:dandelion":1},"minecraft:picked_up":{"minecraft:wheat":120,"minecraft:coarse_dirt":7,"minecraft:crafting_table":6,"croptopia:zucchini":17,"croptopia:peach":1,"atmospheric:aloe_leaves":4,"minecraft:cornflower":1,"minecraft:soul_soil":1,"croptopia:lettuce":7,"croptopia:soybean":7,"croptopia:pear":1,"croptopia:tomato_seed":4,"atmospheric:yucca_flower":2,"minecraft:poppy":3,"minecraft:tipped_arrow":1,"minecraft:stick":4,"croptopia:soybean_seed":14,"minecraft:acacia_log":21,"minecraft:torch":2,"minecraft:porkchop":10,"minecraft:diorite":7,"minecraft:carrot":5,"croptopia:yam_seed":4,"atmospheric:yellow_blossoms":3,"minecraft:orange_bed":1,"minecraft:arrow":12,"croptopia:persimmon":1,"minecraft:rotten_flesh":16,"croptopia:squash_seed":18,"croptopia:raspberry_seed":2,"minecraft:hay_block":5,"alexsmobs:emu_egg":1,"minecraft:gold_ingot":6,"graveyard:tg_moss_block":1,"minecraft:iron_bars":2,"minecraft:mutton":5,"minecraft:white_wool":4,"graveyard:tg_rooted_dirt":4,"minecraft:cobblestone":43,"croptopia:lettuce_seed":9,"minecraft:birch_log":10,"minecraft:lilac":2,"minecraft:andesite":4,"atmospheric:aloe_kernels":6,"minecraft:acacia_wood":1,"minecraft:birch_planks":17,"minecraft:oak_log":87,"minecraft:gunpowder":2,"minecraft:dirt":33,"minecraft:bone":44,"minecraft:wheat_seeds":263,"croptopia:squash":13,"croptopia:raspberry":1,"minecraft:iron_ore":44,"croptopia:tomato":2,"minecraft:soul_sand":1,"minecraft:oak_planks":5,"croptopia:yam":1,"minecraft:dandelion":1,"minecraft:sand":5,"minecraft:stripped_spruce_log":1,"minecraft:spruce_sapling":3,"graveyard:moss_block":6,"minecraft:mossy_cobblestone":3,"croptopia:lemon":1,"croptopia:orange":1,"minecraft:oak_sapling":10,"minecraft:coal":40,"croptopia:zucchini_seed":26},"minecraft:killed_by":{"minecraft:player":5,"minecraft:creeper":2,"minecraft:spider":2,"minecraft:pillager":2,"alexsmobs:crocodile":1,"minecraft:skeleton":5,"minecraft:zombie":4},"minecraft:crafted":{"minecraft:wooden_sword":2,"minecraft:oak_planks":348,"minecraft:furnace":2,"minecraft:iron_boots":1,"minecraft:iron_axe":1,"minecraft:stone_pickaxe":2,"minecraft:chest":1,"minecraft:crafting_table":5,"minecraft:wooden_pickaxe":2,"minecraft:iron_helmet":1,"minecraft:birch_planks":40,"minecraft:stone_axe":1,"minecraft:bread":9,"minecraft:air":0,"minecraft:iron_chestplate":1,"minecraft:charcoal":7,"minecraft:shield":1,"minecraft:stick":36,"minecraft:iron_ingot":37,"minecraft:iron_pickaxe":1,"minecraft:wooden_axe":4,"minecraft:iron_leggings":1,"minecraft:acacia_planks":20,"minecraft:torch":28},"minecraft:mined":{"minecraft:dead_horn_coral_fan":1,"croptopia:orange_crop":1,"minecraft:mossy_cobblestone":4,"farmersdelight:wild_carrots":5,"atmospheric:tall_aloe_vera":1,"croptopia:persimmon_crop":2,"minecraft:acacia_log":4,"minecraft:grass_block":26,"minecraft:soul_soil":1,"minecraft:spruce_leaves":33,"minecraft:large_fern":1,"minecraft:hay_block":4,"graveyard:tg_moss_block":2,"minecraft:iron_ore":46,"minecraft:acacia_wood":1,"croptopia:soybean_crop":7,"minecraft:andesite":5,"minecraft:stripped_spruce_log":1,"croptopia:peach_crop":1,"croptopia:squash_crop":13,"atmospheric:arid_sprouts":2,"minecraft:stone":38,"atmospheric:tall_yucca_flower":2,"minecraft:orange_bed":1,"minecraft:soul_sand":1,"croptopia:lettuce_crop":7,"minecraft:dandelion":1,"minecraft:crafting_table":6,"minecraft:cornflower":1,"minecraft:torch":1,"graveyard:tg_rooted_dirt":4,"atmospheric:aloe_vera":1,"minecraft:poppy":3,"minecraft:dead_bush":1,"croptopia:raspberry_crop":1,"croptopia:lemon_crop":1,"minecraft:tall_grass":60,"graveyard:tg_grass_block":1,"minecraft:oak_planks":5,"minecraft:diorite":7,"minecraft:seagrass":3,"minecraft:coarse_dirt":7,"croptopia:zucchini_crop":17,"minecraft:birch_log":5,"minecraft:wheat":15,"atmospheric:yucca_flower":1,"minecraft:lilac":2,"croptopia:pear_crop":1,"croptopia:avocado_crop":3,"graveyard:tg_tuff":1,"graveyard:moss_block":6,"croptopia:tomato_crop":2,"minecraft:grass_path":2,"minecraft:grass":337,"minecraft:oak_log":26,"minecraft:coal_ore":43,"minecraft:sand":4,"minecraft:dirt":14,"minecraft:oak_leaves":13,"minecraft:fern":1}},"DataVersion":2586}