{"stats":{"minecraft:mined":{"minecraft:dead_horn_coral_fan":1,"graveyard:tg_coarse_dirt":3,"croptopia:orange_crop":1,"minecraft:mossy_cobblestone":4,"minecraft:dark_oak_leaves":2,"farmersdelight:wild_carrots":5,"atmospheric:tall_aloe_vera":1,"croptopia:persimmon_crop":2,"minecraft:acacia_log":7,"minecraft:grass_block":60,"minecraft:soul_soil":3,"minecraft:spruce_leaves":33,"minecraft:large_fern":2,"minecraft:hay_block":4,"minecraft:furnace":2,"graveyard:tg_moss_block":3,"minecraft:iron_ore":46,"minecraft:acacia_wood":1,"croptopia:soybean_crop":7,"minecraft:acacia_stairs":82,"minecraft:andesite":5,"minecraft:stripped_spruce_log":1,"minecraft:azure_bluet":4,"croptopia:peach_crop":1,"croptopia:squash_crop":13,"atmospheric:arid_sprouts":2,"minecraft:stripped_acacia_log":1,"minecraft:stone":60,"minecraft:orange_bed":1,"atmospheric:tall_yucca_flower":2,"minecraft:glass_pane":3,"minecraft:soul_sand":2,"minecraft:lily_of_the_valley":1,"minecraft:melon_stem":3,"croptopia:lettuce_crop":7,"minecraft:dandelion":1,"minecraft:cornflower":1,"minecraft:crafting_table":6,"minecraft:torch":1,"graveyard:tg_podzol":1,"graveyard:tg_rooted_dirt":4,"minecraft:blast_furnace":1,"atmospheric:aloe_vera":1,"minecraft:poppy":3,"minecraft:dead_bush":1,"graveyard:skeleton_hand":1,"croptopia:raspberry_crop":1,"minecraft:tall_grass":62,"graveyard:tg_grass_block":1,"croptopia:lemon_crop":1,"croptopia:blackbean_crop":1,"graveyard:lying_skeleton":1,"minecraft:oak_planks":9,"minecraft:diorite":7,"minecraft:seagrass":3,"minecraft:coarse_dirt":7,"croptopia:zucchini_crop":17,"graveyard:vase_block":22,"minecraft:birch_log":7,"minecraft:wheat":47,"atmospheric:yucca_flower":1,"minecraft:lilac":2,"croptopia:pear_crop":1,"croptopia:avocado_crop":3,"graveyard:moss_block":6,"graveyard:tg_tuff":1,"minecraft:grass_path":2,"minecraft:wither_rose":4,"croptopia:tomato_crop":2,"minecraft:grass":353,"minecraft:oak_log":26,"minecraft:coal_ore":43,"graveyard:leaning_skeleton":1,"minecraft:sand":4,"minecraft:acacia_door":1,"minecraft:dirt":26,"minecraft:cobweb":15,"minecraft:acacia_planks":63,"minecraft:oak_leaves":14,"minecraft:fern":2},"minecraft:custom":{"minecraft:mob_kills":56,"minecraft:animals_bred":1,"minecraft:interact_with_crafting_table":57,"minecraft:open_barrel":4,"minecraft:leave_game":9,"minecraft:time_since_death":40682,"minecraft:climb_one_cm":6844,"minecraft:sprint_one_cm":790890,"minecraft:walk_one_cm":857978,"minecraft:damage_blocked_by_shield":2580,"minecraft:drop":26,"minecraft:deaths":24,"minecraft:sneak_time":3354,"minecraft:walk_under_water_one_cm":10774,"minecraft:jump":4553,"minecraft:interact_with_blast_furnace":4,"minecraft:walk_on_water_one_cm":43495,"minecraft:interact_with_furnace":44,"minecraft:play_one_minute":295170,"minecraft:sleep_in_bed":16,"minecraft:time_since_rest":7591,"minecraft:damage_taken":9425,"minecraft:damage_absorbed":210,"minecraft:damage_dealt":7589,"minecraft:swim_one_cm":14754,"minecraft:fly_one_cm":734908,"minecraft:open_chest":108,"minecraft:crouch_one_cm":7572,"minecraft:interact_with_smoker":2,"minecraft:fall_one_cm":108120,"minecraft:horse_one_cm":381},"minecraft:broken":{"minecraft:shield":1,"minecraft:iron_axe":1,"minecraft:wooden_axe":1},"minecraft:killed":{"alexsmobs:raccoon":5,"alexsmobs:rattlesnake":1,"minecraft:skeleton":10,"alexsmobs:kangaroo":1,"minecraft:pig":4,"alexsmobs:emu":1,"minecraft:sheep":4,"minecraft:zombie":10,"alexsmobs:gazelle":1,"minecraft:wither_skeleton":11},"minecraft:used":{"alexsmobs:emu_egg":1,"minecraft:iron_shovel":33,"minecraft:acacia_log":2,"minecraft:poppy":1,"minecraft:chest":8,"minecraft:shield":70,"minecraft:iron_sword":20,"graveyard:moss_block":5,"croptopia:zucchini":12,"minecraft:orange_bed":1,"minecraft:torch":18,"minecraft:dirt":86,"alexsmobs:maraca":13,"graveyard:vase_block":24,"minecraft:carrot":1,"croptopia:raspberry":2,"atmospheric:aloe_leaves":6,"minecraft:wooden_axe":54,"minecraft:iron_axe":202,"carryon:entity_item":15,"croptopia:yam_seed":2,"minecraft:totem_of_undying":1,"minecraft:melon_seeds":2,"croptopia:persimmon":1,"minecraft:golden_carrot":4,"croptopia:peach":1,"minecraft:bow":26,"minecraft:written_book":2,"graveyard:tg_rooted_dirt":4,"minecraft:furnace":3,"croptopia:lettuce":6,"croptopia:squash":8,"croptopia:raspberry_seed":2,"minecraft:golden_axe":12,"minecraft:acacia_planks":19,"croptopia:tomato":2,"croptopia:lemon":1,"minecraft:stone_pickaxe":84,"minecraft:oak_planks":46,"minecraft:wooden_pickaxe":22,"minecraft:golden_apple":5,"minecraft:mossy_cobblestone":3,"minecraft:sand":10,"minecraft:blast_furnace":1,"minecraft:crafting_table":8,"croptopia:orange":1,"minecraft:smoker":1,"croptopia:squash_seed":18,"croptopia:yam":1,"minecraft:cornflower":1,"minecraft:apple":8,"minecraft:iron_pickaxe":133,"croptopia:tomato_seed":7,"minecraft:bread":21,"graveyard:tg_moss_block":1,"minecraft:stone_axe":7,"minecraft:diamond_sword":57,"minecraft:wooden_sword":1,"minecraft:cobblestone":10,"croptopia:kiwi":2,"minecraft:porkchop":4,"minecraft:cooked_porkchop":2,"minecraft:andesite":4,"minecraft:coarse_dirt":2,"minecraft:dandelion":1},"minecraft:picked_up":{"minecraft:wheat":137,"minecraft:coarse_dirt":9,"minecraft:crafting_table":6,"croptopia:zucchini":17,"minecraft:azure_bluet":4,"croptopia:peach":1,"minecraft:wither_rose":2,"croptopia:calamari":1,"minecraft:shield":1,"atmospheric:aloe_leaves":4,"minecraft:cornflower":1,"minecraft:string":16,"minecraft:soul_soil":2,"croptopia:lettuce":7,"minecraft:acacia_door":2,"croptopia:soybean":7,"croptopia:pear":1,"alexsmobs:emu_feather":1,"croptopia:tomato_seed":9,"atmospheric:yucca_flower":2,"minecraft:poppy":3,"alexsmobs:raccoon_tail":1,"minecraft:birch_sapling":2,"minecraft:furnace":2,"minecraft:tipped_arrow":1,"minecraft:stick":6,"croptopia:soybean_seed":14,"croptopia:blackbean":5,"minecraft:acacia_log":88,"minecraft:torch":10,"croptopia:blackbean_seed":8,"minecraft:porkchop":10,"minecraft:diorite":7,"minecraft:carrot":5,"croptopia:yam_seed":8,"atmospheric:yellow_blossoms":3,"minecraft:orange_bed":1,"minecraft:arrow":15,"minecraft:rotten_flesh":16,"croptopia:persimmon":1,"croptopia:squash_seed":23,"croptopia:raspberry_seed":8,"minecraft:hay_block":5,"alexsmobs:emu_egg":2,"minecraft:gold_ingot":6,"graveyard:tg_moss_block":1,"minecraft:mutton":6,"minecraft:iron_bars":2,"graveyard:tg_rooted_dirt":4,"alexsmobs:kangaroo_meat":2,"minecraft:white_wool":4,"minecraft:cobblestone":65,"croptopia:lettuce_seed":9,"minecraft:birch_log":14,"minecraft:lilac":2,"minecraft:andesite":4,"atmospheric:aloe_kernels":6,"minecraft:acacia_wood":1,"minecraft:birch_planks":17,"minecraft:oak_log":87,"minecraft:gunpowder":2,"minecraft:dirt":73,"croptopia:kiwi_seed":13,"minecraft:bone":80,"minecraft:acacia_planks":100,"minecraft:bow":1,"minecraft:wheat_seeds":347,"croptopia:squash":13,"minecraft:iron_ingot":9,"croptopia:raspberry":3,"minecraft:iron_ore":44,"croptopia:tomato":5,"minecraft:soul_sand":2,"minecraft:oak_planks":14,"croptopia:kiwi":9,"croptopia:yam":2,"minecraft:dandelion":1,"minecraft:sand":5,"minecraft:stripped_spruce_log":1,"minecraft:spruce_sapling":3,"minecraft:blast_furnace":1,"minecraft:ink_sac":6,"minecraft:acacia_stairs":93,"minecraft:lily_of_the_valley":1,"minecraft:spectral_arrow":7,"graveyard:moss_block":6,"minecraft:mossy_cobblestone":3,"alexsmobs:kangaroo_hide":1,"minecraft:stripped_acacia_log":1,"croptopia:lemon":1,"minecraft:diamond":3,"croptopia:orange":1,"alexsmobs:rattlesnake_rattle":1,"minecraft:emerald":18,"minecraft:oak_sapling":10,"minecraft:melon_seeds":5,"croptopia:zucchini_seed":26,"minecraft:coal":63},"minecraft:killed_by":{"minecraft:player":5,"minecraft:wither_skeleton":1,"minecraft:creeper":2,"minecraft:spider":2,"minecraft:pillager":2,"alexsmobs:crocodile":1,"minecraft:skeleton":5,"minecraft:zombie":4},"minecraft:dropped":{"minecraft:soul_sand":1,"minecraft:flint":2,"minecraft:ink_sac":3,"minecraft:torch":4,"minecraft:acacia_door":2,"croptopia:calamari":1,"minecraft:birch_log":4,"minecraft:acacia_planks":7,"minecraft:bone":1,"minecraft:soul_soil":1,"minecraft:birch_sapling":2,"minecraft:melon_seeds":1,"croptopia:squash":5},"minecraft:crafted":{"minecraft:wooden_sword":2,"minecraft:oak_planks":348,"minecraft:furnace":2,"minecraft:iron_boots":1,"minecraft:iron_axe":2,"minecraft:stone_pickaxe":2,"croptopia:flour":1,"minecraft:chest":8,"minecraft:smoker":1,"minecraft:diamond_sword":1,"minecraft:cooked_porkchop":6,"minecraft:crafting_table":5,"minecraft:wooden_pickaxe":2,"minecraft:iron_helmet":1,"minecraft:birch_planks":40,"minecraft:stone_axe":1,"minecraft:bread":9,"minecraft:air":0,"alexsmobs:maraca":1,"minecraft:iron_chestplate":1,"minecraft:charcoal":7,"minecraft:shield":2,"minecraft:stick":40,"minecraft:iron_ingot":37,"minecraft:iron_pickaxe":1,"minecraft:wooden_axe":4,"minecraft:iron_shovel":1,"minecraft:iron_leggings":1,"minecraft:acacia_planks":32,"minecraft:torch":28}},"DataVersion":2586}