{"stats":{"minecraft:killed":{"minecraft:spider":6,"minecraft:skeleton":42,"graveyard:acolyte":18,"alexsmobs:kangaroo":1,"minecraft:magma_cube":10,"minecraft:pig":8,"alexsmobs:grizzly_bear":1,"minecraft:creeper":3,"minecraft:sheep":12,"minecraft:pillager":26,"minecraft:zombie":26,"alexsmobs:raccoon":5,"minecraft:vindicator":1,"alexsmobs:rattlesnake":2,"alexsmobs:emu":1,"alexsmobs:gazelle":1,"minecraft:wither_skeleton":11,"minecraft:enderman":1},"minecraft:killed_by":{"minecraft:wither_skeleton":1,"minecraft:creeper":2,"minecraft:pillager":15,"graveyard:acolyte":9,"minecraft:vindicator":2,"alexsmobs:crocodile":1,"minecraft:witch":3,"minecraft:zombie":5,"alexsmobs:grizzly_bear":1,"minecraft:player":6,"minecraft:spider":2,"minecraft:skeleton":8},"minecraft:used":{"alexsmobs:emu_egg":2,"minecraft:iron_shovel":52,"minecraft:spruce_slab":2,"croptopia:calamari":1,"minecraft:ladder":48,"minecraft:poppy":1,"minecraft:chest":8,"minecraft:shield":229,"minecraft:iron_sword":27,"graveyard:moss_block":5,"croptopia:zucchini":12,"minecraft:soul_sand":1,"minecraft:mutton":1,"graveyard:vase_block":24,"minecraft:carrot":20,"minecraft:azure_bluet":2,"atmospheric:aloe_leaves":9,"minecraft:stone_bricks":1,"minecraft:rabbit_stew":1,"croptopia:peach":1,"minecraft:bow":65,"minecraft:written_book":2,"graveyard:tg_rooted_dirt":4,"minecraft:furnace":3,"croptopia:lettuce":6,"croptopia:tomato":14,"minecraft:stone_pickaxe":294,"minecraft:oak_planks":129,"minecraft:wooden_pickaxe":45,"minecraft:diamond_axe":652,"minecraft:golden_apple":7,"minecraft:sand":10,"minecraft:blast_furnace":1,"minecraft:crossbow":3,"minecraft:chiseled_quartz_block":2,"croptopia:orange":1,"pfm:working_table":1,"minecraft:melon_slice":11,"minecraft:light_gray_concrete":12,"minecraft:bread":56,"graveyard:tg_moss_block":1,"minecraft:diamond_sword":278,"minecraft:wooden_sword":1,"minecraft:andesite":24,"minecraft:coarse_dirt":7,"minecraft:purple_wool":2,"minecraft:bone_meal":1,"minecraft:experience_bottle":2,"minecraft:iron_bars":3,"minecraft:acacia_log":2,"minecraft:flint_and_steel":7,"minecraft:spruce_planks":8,"minecraft:wooden_shovel":13,"minecraft:sandstone_wall":1,"minecraft:orange_bed":5,"minecraft:oak_door":1,"minecraft:torch":58,"minecraft:dirt":125,"alexsmobs:maraca":42,"minecraft:spruce_stairs":1,"croptopia:raspberry":2,"minecraft:dark_oak_planks":17,"minecraft:wooden_axe":54,"pfm:acacia_log_stool":4,"minecraft:iron_axe":232,"carryon:entity_item":17,"minecraft:smooth_quartz":6,"croptopia:yam_seed":2,"minecraft:totem_of_undying":1,"minecraft:melon_seeds":2,"croptopia:persimmon":1,"minecraft:golden_carrot":10,"croptopia:squash":8,"croptopia:raspberry_seed":2,"minecraft:golden_axe":12,"minecraft:acacia_planks":25,"minecraft:brown_bed":1,"croptopia:lemon":2,"minecraft:polished_andesite":1,"minecraft:mossy_cobblestone":3,"minecraft:crafting_table":19,"minecraft:red_bed":2,"minecraft:white_bed":4,"valhelsia_structures:cut_oak_post":5,"minecraft:smoker":1,"croptopia:squash_seed":18,"minecraft:cornflower":1,"croptopia:yam":1,"minecraft:apple":17,"minecraft:iron_pickaxe":239,"croptopia:tomato_seed":7,"minecraft:stone_axe":10,"minecraft:cobblestone":93,"croptopia:kiwi":10,"minecraft:porkchop":5,"minecraft:cooked_porkchop":12,"minecraft:pumpkin_pie":3,"minecraft:dandelion":1},"minecraft:crafted":{"minecraft:oak_planks":596,"minecraft:iron_boots":1,"croptopia:flour":1,"minecraft:chest":8,"minecraft:smoker":1,"minecraft:wooden_shovel":1,"minecraft:cooked_porkchop":6,"minecraft:diamond_axe":1,"minecraft:crafting_table":13,"minecraft:spruce_planks":32,"minecraft:wooden_pickaxe":4,"minecraft:iron_helmet":2,"minecraft:birch_planks":40,"pfm:working_table":1,"minecraft:iron_chestplate":1,"minecraft:charcoal":7,"minecraft:shield":5,"minecraft:stick":124,"minecraft:iron_ingot":37,"minecraft:iron_pickaxe":2,"minecraft:wooden_sword":2,"minecraft:oak_door":3,"minecraft:furnace":2,"pfm:acacia_log_stool":4,"minecraft:iron_axe":2,"minecraft:ladder":21,"minecraft:stone_pickaxe":4,"minecraft:dark_oak_planks":24,"minecraft:diamond_sword":1,"minecraft:stone_axe":2,"minecraft:bread":23,"minecraft:air":0,"alexsmobs:maraca":1,"minecraft:wooden_axe":4,"minecraft:iron_shovel":2,"minecraft:iron_leggings":2,"minecraft:white_bed":2,"minecraft:acacia_planks":52,"minecraft:torch":104},"minecraft:dropped":{"minecraft:iron_sword":3,"minecraft:soul_sand":1,"minecraft:diamond_axe":1,"graveyard:tg_moss_block":3,"minecraft:crossbow":1,"minecraft:saddle":1,"minecraft:flint":2,"minecraft:emerald":20,"croptopia:tomato_seed":4,"minecraft:dirt":3,"minecraft:cracked_polished_blackstone_bricks":1,"minecraft:acacia_door":2,"croptopia:calamari":1,"minecraft:birch_log":4,"minecraft:white_wool":2,"minecraft:bone":11,"minecraft:oak_door":2,"minecraft:gravel":7,"alexsmobs:animal_dictionary":1,"minecraft:birch_sapling":2,"minecraft:wheat":1,"minecraft:rotten_flesh":5,"minecraft:oak_planks":2,"minecraft:white_bed":1,"minecraft:azure_bluet":2,"minecraft:acacia_stairs":17,"minecraft:gunpowder":16,"minecraft:melon_seeds":3,"minecraft:ladder":2,"croptopia:blackbean_seed":8,"minecraft:iron_bars":8,"croptopia:squash":5,"minecraft:purple_carpet":1,"minecraft:wheat_seeds":81,"minecraft:polished_blackstone":1,"minecraft:cobblestone":8,"minecraft:iron_helmet":1,"alexsmobs:maraca":4,"minecraft:stick":5,"minecraft:oxeye_daisy":4,"minecraft:gray_wool":1,"minecraft:diorite":1,"minecraft:ink_sac":12,"minecraft:torch":4,"minecraft:smooth_quartz":44,"croptopia:tomato":4,"minecraft:rose_bush":3,"minecraft:zombie_head":1,"minecraft:iron_door":2,"minecraft:orange_bed":3,"croptopia:kiwi":1,"minecraft:redstone":6,"minecraft:acacia_planks":26,"minecraft:spruce_sapling":2,"minecraft:soul_soil":1,"minecraft:chiseled_quartz_block":10,"minecraft:white_carpet":2,"croptopia:raspberry_seed":18,"minecraft:light_gray_concrete":7,"minecraft:diamond_sword":1,"minecraft:cobblestone_slab":1,"minecraft:hay_block":5,"graveyard:small_light_gray_urn":1,"minecraft:shield":1,"minecraft:iron_chestplate":1,"minecraft:spruce_log":4,"minecraft:diamond_boots":2},"minecraft:picked_up":{"minecraft:wheat":178,"minecraft:iron_chestplate":1,"croptopia:zucchini":17,"alexsmobs:maraca":1,"croptopia:kale":1,"minecraft:brown_bed":1,"minecraft:wither_rose":2,"croptopia:calamari":4,"minecraft:string":23,"croptopia:lettuce":7,"minecraft:soul_soil":2,"minecraft:cooked_salmon":1,"minecraft:armor_stand":1,"valhelsia_structures:oak_post":4,"alexsmobs:emu_feather":1,"minecraft:spruce_planks":4,"minecraft:rose_bush":3,"minecraft:cobblestone_slab":1,"minecraft:smooth_quartz":50,"minecraft:iron_pickaxe":1,"alexsmobs:raccoon_tail":1,"minecraft:melon_slice":11,"minecraft:furnace":2,"minecraft:tipped_arrow":1,"minecraft:stick":10,"croptopia:blackbean":5,"minecraft:oak_fence":3,"minecraft:torch":13,"minecraft:acacia_log":88,"minecraft:spruce_stairs":1,"minecraft:sandstone_wall":1,"minecraft:porkchop":17,"minecraft:diorite":8,"minecraft:orange_bed":5,"minecraft:rotten_flesh":33,"croptopia:persimmon":1,"croptopia:squash_seed":25,"croptopia:raspberry_seed":22,"alexsmobs:emu_egg":2,"minecraft:iron_bars":2,"minecraft:cobblestone":142,"croptopia:lettuce_seed":9,"minecraft:birch_log":14,"minecraft:leather_chestplate":1,"minecraft:lilac":2,"minecraft:iron_door":4,"minecraft:andesite":24,"minecraft:chiseled_quartz_block":13,"alexsmobs:bear_fur":1,"minecraft:flint":1,"minecraft:gray_concrete":8,"minecraft:dirt":124,"minecraft:purple_carpet":5,"minecraft:leather_boots":1,"croptopia:kiwi_seed":13,"minecraft:bone":115,"minecraft:acacia_planks":107,"minecraft:bow":2,"minecraft:wheat_seeds":602,"pfm:acacia_log_stool":3,"croptopia:kale_seed":1,"minecraft:oak_planks":45,"croptopia:yam":4,"minecraft:cooked_porkchop":10,"graveyard:bone_dagger":1,"valhelsia_structures:cut_oak_post":5,"minecraft:sand":5,"minecraft:melon":2,"minecraft:stripped_spruce_log":1,"minecraft:ink_sac":15,"minecraft:acacia_stairs":93,"minecraft:loom":1,"minecraft:lily_of_the_valley":1,"minecraft:spectral_arrow":7,"minecraft:mossy_cobblestone":3,"minecraft:stripped_acacia_log":1,"minecraft:light_gray_concrete":19,"minecraft:polished_andesite":1,"alexsmobs:kangaroo_hide":1,"minecraft:diamond":3,"minecraft:cracked_polished_blackstone_bricks":2,"alexsmobs:rattlesnake_rattle":2,"minecraft:crossbow":2,"minecraft:granite":11,"minecraft:bone_meal":1,"minecraft:emerald":83,"minecraft:oak_sapling":25,"minecraft:dark_oak_fence":1,"croptopia:zucchini_seed":26,"minecraft:coarse_dirt":14,"minecraft:crafting_table":9,"minecraft:azure_bluet":6,"minecraft:purple_wool":2,"minecraft:ladder":34,"croptopia:peach":1,"minecraft:leather_leggings":1,"minecraft:shield":1,"atmospheric:aloe_leaves":12,"minecraft:cornflower":2,"minecraft:red_bed":2,"minecraft:acacia_door":2,"minecraft:white_carpet":4,"croptopia:soybean":7,"croptopia:pear":1,"croptopia:tomato_seed":23,"atmospheric:yucca_flower":2,"minecraft:poppy":3,"minecraft:spruce_slab":9,"minecraft:birch_sapling":2,"minecraft:oak_door":2,"croptopia:soybean_seed":14,"croptopia:blackbean_seed":8,"minecraft:carrot":14,"minecraft:redstone":14,"croptopia:yam_seed":10,"minecraft:dark_oak_planks":5,"atmospheric:yellow_blossoms":3,"minecraft:arrow":52,"minecraft:hay_block":8,"pfm:working_table":1,"minecraft:gold_ingot":6,"minecraft:polished_blackstone":2,"graveyard:tg_moss_block":4,"graveyard:tg_rooted_dirt":4,"minecraft:mutton":16,"minecraft:skeleton_skull":1,"minecraft:white_wool":14,"alexsmobs:kangaroo_meat":2,"minecraft:oxeye_daisy":2,"atmospheric:aloe_kernels":6,"minecraft:acacia_wood":1,"minecraft:birch_planks":17,"graveyard:small_light_gray_urn":1,"minecraft:oak_log":148,"minecraft:gunpowder":18,"minecraft:stone_bricks":11,"croptopia:squash":13,"minecraft:iron_ingot":54,"croptopia:raspberry":6,"minecraft:iron_ore":44,"croptopia:tomato":14,"minecraft:soul_sand":3,"minecraft:iron_sword":1,"croptopia:kiwi":10,"minecraft:book":3,"minecraft:dandelion":1,"minecraft:gravel":19,"minecraft:spruce_sapling":3,"minecraft:blast_furnace":1,"minecraft:white_bed":4,"minecraft:spruce_log":12,"minecraft:spruce_door":2,"graveyard:moss_block":6,"minecraft:spider_eye":1,"minecraft:oak_wood":1,"croptopia:lemon":1,"croptopia:orange":1,"minecraft:iron_helmet":1,"minecraft:diamond_axe":1,"minecraft:melon_seeds":8,"minecraft:stripped_dark_oak_log":10,"minecraft:coal":64,"minecraft:sunflower":5},"minecraft:mined":{"minecraft:dark_oak_planks":3,"minecraft:dead_horn_coral_fan":1,"minecraft:spruce_planks":3,"graveyard:tg_coarse_dirt":3,"minecraft:white_bed":3,"valhelsia_structures:dirt":2,"minecraft:granite":11,"minecraft:stripped_crimson_hyphae":1,"minecraft:acacia_log":7,"minecraft:stone_brick_wall":2,"minecraft:grass_block":79,"minecraft:cracked_polished_blackstone_bricks":1,"valhelsia_structures:oak_post":5,"minecraft:soul_soil":3,"pfm:acacia_log_stool":3,"minecraft:spawner":7,"graveyard:moss_carpet":1,"minecraft:tall_seagrass":2,"minecraft:mossy_cobblestone_slab":2,"minecraft:iron_ore":46,"minecraft:barrel":6,"minecraft:fire":6,"minecraft:azure_bluet":4,"minecraft:brown_bed":1,"minecraft:oak_stairs":1,"minecraft:iron_bars":6,"minecraft:purple_carpet":2,"minecraft:light_gray_concrete":20,"minecraft:spruce_slab":10,"minecraft:orange_bed":6,"minecraft:quartz_block":3,"minecraft:red_bed":3,"minecraft:melon_stem":3,"minecraft:chiseled_quartz_block":14,"minecraft:torch":1,"graveyard:tg_podzol":1,"minecraft:blast_furnace":1,"minecraft:poppy":3,"minecraft:melon":4,"minecraft:dead_bush":1,"minecraft:mushroom_stem":17,"croptopia:raspberry_crop":1,"minecraft:cobblestone":25,"graveyard:skeleton_hand":1,"graveyard:lying_skeleton":2,"minecraft:oak_planks":47,"minecraft:iron_door":2,"minecraft:wall_torch":3,"minecraft:seagrass":3,"valhelsia_structures:bone_pile":1,"croptopia:zucchini_crop":17,"minecraft:light_gray_stained_glass":3,"minecraft:birch_log":7,"minecraft:wheat":50,"minecraft:lilac":2,"croptopia:pear_crop":1,"croptopia:avocado_crop":3,"minecraft:black_bed":2,"graveyard:tg_tuff":1,"minecraft:wither_rose":4,"minecraft:grass":464,"minecraft:oak_log":31,"minecraft:dirt":54,"minecraft:loom":1,"minecraft:sand":4,"minecraft:smooth_quartz":53,"minecraft:sandstone_wall":1,"minecraft:oak_leaves":36,"minecraft:diamond_ore":1,"minecraft:light_gray_stained_glass_pane":1,"croptopia:orange_crop":1,"minecraft:mossy_cobblestone":5,"minecraft:dark_oak_leaves":2,"farmersdelight:wild_carrots":14,"atmospheric:tall_aloe_vera":3,"minecraft:lever":1,"croptopia:persimmon_crop":3,"minecraft:ladder":31,"minecraft:dark_oak_fence":1,"valhelsia_structures:grass_block":1,"graveyard:tg_deepslate":1,"minecraft:redstone_wire":7,"minecraft:spruce_leaves":33,"atmospheric:red_arid_sand":1,"minecraft:large_fern":2,"minecraft:hay_block":7,"minecraft:furnace":2,"graveyard:tg_moss_block":4,"minecraft:acacia_wood":1,"minecraft:andesite":25,"croptopia:soybean_crop":7,"graveyard:tg_andesite":1,"minecraft:acacia_stairs":82,"minecraft:stripped_spruce_log":2,"croptopia:peach_crop":1,"minecraft:gold_block":1,"minecraft:bookshelf":1,"croptopia:squash_crop":13,"minecraft:cobblestone_slab":2,"minecraft:lantern":1,"atmospheric:arid_sprouts":3,"minecraft:stripped_acacia_log":1,"minecraft:stone":118,"minecraft:redstone_wall_torch":1,"atmospheric:tall_yucca_flower":2,"valhelsia_structures:stone":4,"minecraft:oak_slab":5,"minecraft:gray_concrete":8,"minecraft:glass_pane":3,"atmospheric:barrel_cactus":1,"minecraft:soul_sand":3,"minecraft:lily_of_the_valley":2,"minecraft:stripped_dark_oak_log":10,"croptopia:lettuce_crop":7,"minecraft:stone_brick_slab":1,"minecraft:dandelion":1,"graveyard:small_light_gray_urn":1,"minecraft:oak_fence":3,"minecraft:crafting_table":8,"minecraft:cornflower":2,"graveyard:tg_rooted_dirt":4,"minecraft:oak_wood":1,"atmospheric:aloe_vera":3,"minecraft:rose_bush":5,"croptopia:lemon_crop":1,"minecraft:tall_grass":79,"graveyard:tg_grass_block":2,"croptopia:blackbean_crop":1,"minecraft:diorite":8,"minecraft:spruce_stairs":3,"minecraft:purple_wool":2,"minecraft:coarse_dirt":12,"graveyard:vase_block":25,"atmospheric:yucca_flower":1,"minecraft:white_carpet":1,"minecraft:birch_leaves":2,"graveyard:moss_block":6,"croptopia:tomato_crop":2,"minecraft:grass_path":2,"pfm:working_table":1,"minecraft:coal_ore":43,"minecraft:acacia_door":1,"minecraft:sunflower":6,"minecraft:gravel":19,"graveyard:leaning_skeleton":3,"minecraft:cobweb":26,"valhelsia_structures:cut_oak_post":2,"minecraft:cracked_stone_bricks":3,"minecraft:acacia_planks":70,"minecraft:polished_andesite":1,"minecraft:polished_blackstone":1,"minecraft:stone_bricks":11,"minecraft:mossy_stone_bricks":1,"minecraft:fern":4},"minecraft:broken":{"minecraft:iron_boots":1,"minecraft:stone_pickaxe":1,"minecraft:wooden_axe":1,"minecraft:shield":2,"minecraft:iron_axe":1,"minecraft:iron_helmet":1},"minecraft:custom":{"minecraft:animals_bred":2,"minecraft:interact_with_crafting_table":104,"minecraft:open_barrel":83,"minecraft:bell_ring":1,"minecraft:leave_game":23,"minecraft:time_since_death":0,"minecraft:sprint_one_cm":1519128,"minecraft:damage_blocked_by_shield":8170,"minecraft:drop":206,"minecraft:play_noteblock":1,"minecraft:deaths":62,"minecraft:jump":9930,"minecraft:walk_on_water_one_cm":81497,"minecraft:interact_with_furnace":46,"minecraft:play_one_minute":689046,"minecraft:sleep_in_bed":39,"minecraft:damage_dealt":33917,"minecraft:player_kills":7,"minecraft:crouch_one_cm":22175,"minecraft:interact_with_smoker":3,"minecraft:horse_one_cm":465802,"minecraft:mob_kills":201,"minecraft:inspect_hopper":4,"minecraft:interact_with_campfire":6,"minecraft:climb_one_cm":72333,"minecraft:walk_one_cm":1827288,"minecraft:chair_used":3,"minecraft:sneak_time":12554,"minecraft:walk_under_water_one_cm":22943,"minecraft:interact_with_blast_furnace":5,"minecraft:tune_noteblock":1,"minecraft:interact_with_stonecutter":2,"minecraft:time_since_rest":155,"minecraft:damage_absorbed":270,"minecraft:damage_taken":24405,"minecraft:swim_one_cm":57244,"minecraft:fly_one_cm":1570444,"minecraft:open_chest":230,"minecraft:fall_one_cm":233134}},"DataVersion":2586}