{"stats":{"minecraft:custom":{"minecraft:open_barrel":5,"minecraft:open_chest":11,"minecraft:time_since_rest":46376,"minecraft:interact_with_smithing_table":1,"minecraft:play_one_minute":46376,"minecraft:leave_game":3,"minecraft:sprint_one_cm":7771,"minecraft:time_since_death":46376,"minecraft:walk_one_cm":31649,"minecraft:sneak_time":23,"minecraft:climb_one_cm":1290,"minecraft:fly_one_cm":156859,"minecraft:jump":53},"minecraft:used":{"decocraft:ironing_board":4,"decocraft:chile":1,"decocraft:stop_sign":1,"alexsmobs:cockroach_ootheca":3,"alexsmobs:spawn_egg_cockroach":8,"decocraft:pride":3}},"DataVersion":2586}