{"stats":{"minecraft:picked_up":{"minecraft:wheat_seeds":1},"minecraft:mined":{"minecraft:tall_grass":1},"minecraft:killed_by":{"minecraft:zombie":2,"minecraft:skeleton":1},"minecraft:custom":{"minecraft:jump":50,"minecraft:time_since_rest":2518,"minecraft:damage_dealt":142,"minecraft:play_one_minute":16624,"minecraft:damage_taken":950,"minecraft:leave_game":2,"minecraft:sprint_one_cm":8798,"minecraft:walk_one_cm":14237,"minecraft:time_since_death":2367,"minecraft:deaths":3,"minecraft:fall_one_cm":836,"minecraft:fly_one_cm":13261}},"DataVersion":2586}