{"stats":{"minecraft:custom":{"minecraft:jump":85,"minecraft:time_since_rest":17817,"minecraft:leave_game":1,"minecraft:crouch_one_cm":4558,"minecraft:play_one_minute":17817,"minecraft:walk_on_water_one_cm":1472,"minecraft:sprint_one_cm":11736,"minecraft:time_since_death":17817,"minecraft:walk_one_cm":15669,"minecraft:sneak_time":1264,"minecraft:climb_one_cm":37,"minecraft:walk_under_water_one_cm":537,"minecraft:swim_one_cm":508,"minecraft:fly_one_cm":311221},"minecraft:used":{"carryon:entity_item":14,"alexsmobs:animal_dictionary":2}},"DataVersion":2586}