{"stats":{"minecraft:custom":{"minecraft:mob_kills":14,"minecraft:interact_with_crafting_table":12,"minecraft:play_one_minute":148291,"minecraft:leave_game":6,"minecraft:time_since_death":47902,"minecraft:sleep_in_bed":4,"minecraft:climb_one_cm":1232,"minecraft:time_since_rest":4786,"minecraft:sprint_one_cm":490166,"minecraft:damage_absorbed":50,"minecraft:damage_taken":6169,"minecraft:walk_one_cm":395709,"minecraft:drop":5,"minecraft:damage_dealt":3062,"minecraft:swim_one_cm":3187,"minecraft:fly_one_cm":522155,"minecraft:open_chest":13,"minecraft:crouch_one_cm":4987,"minecraft:deaths":20,"minecraft:sneak_time":1716,"minecraft:walk_under_water_one_cm":1748,"minecraft:jump":2824,"minecraft:walk_on_water_one_cm":24858,"minecraft:fall_one_cm":68073,"minecraft:horse_one_cm":381},"minecraft:picked_up":{"minecraft:birch_log":8,"croptopia:lettuce_seed":9,"minecraft:crafting_table":4,"minecraft:coarse_dirt":7,"croptopia:zucchini":17,"minecraft:wheat":77,"minecraft:lilac":2,"croptopia:peach":1,"atmospheric:aloe_kernels":6,"minecraft:acacia_wood":1,"minecraft:birch_planks":17,"minecraft:oak_log":66,"atmospheric:aloe_leaves":4,"minecraft:cornflower":1,"minecraft:dirt":25,"minecraft:soul_soil":1,"croptopia:lettuce":7,"croptopia:soybean":7,"minecraft:bone":24,"croptopia:pear":1,"minecraft:wheat_seeds":225,"croptopia:squash":13,"croptopia:tomato_seed":4,"atmospheric:yucca_flower":2,"croptopia:tomato":2,"minecraft:poppy":3,"minecraft:oak_planks":5,"minecraft:soul_sand":1,"croptopia:yam":1,"minecraft:stick":2,"croptopia:soybean_seed":14,"minecraft:acacia_log":11,"minecraft:dandelion":1,"minecraft:porkchop":4,"minecraft:stripped_spruce_log":1,"minecraft:spruce_sapling":2,"minecraft:diorite":1,"minecraft:carrot":5,"graveyard:moss_block":5,"croptopia:yam_seed":4,"atmospheric:yellow_blossoms":3,"minecraft:orange_bed":1,"minecraft:arrow":2,"minecraft:rotten_flesh":10,"croptopia:squash_seed":18,"minecraft:hay_block":5,"croptopia:orange":1,"alexsmobs:emu_egg":1,"minecraft:gold_ingot":6,"graveyard:tg_rooted_dirt":4,"minecraft:oak_sapling":4,"minecraft:mutton":5,"croptopia:zucchini_seed":26,"minecraft:white_wool":4,"minecraft:cobblestone":13},"minecraft:killed":{"minecraft:pig":2,"minecraft:sheep":4,"minecraft:zombie":3},"minecraft:dropped":{"croptopia:squash":5},"minecraft:broken":{"minecraft:wooden_axe":1},"minecraft:killed_by":{"minecraft:player":5,"minecraft:skeleton":4,"minecraft:creeper":1,"minecraft:spider":2,"minecraft:zombie":4,"minecraft:pillager":2},"minecraft:used":{"croptopia:tomato":2,"minecraft:stone_pickaxe":13,"minecraft:oak_planks":19,"minecraft:poppy":1,"minecraft:chest":1,"minecraft:wooden_pickaxe":4,"graveyard:moss_block":2,"minecraft:orange_bed":1,"croptopia:zucchini":10,"minecraft:golden_apple":1,"minecraft:dirt":24,"minecraft:sand":3,"minecraft:crafting_table":6,"minecraft:carrot":1,"atmospheric:aloe_leaves":6,"croptopia:orange":1,"minecraft:wooden_axe":40,"minecraft:cornflower":1,"minecraft:bread":2,"carryon:entity_item":14,"minecraft:totem_of_undying":1,"minecraft:stone_axe":2,"minecraft:wooden_sword":1,"croptopia:peach":1,"graveyard:tg_rooted_dirt":4,"croptopia:lettuce":6,"minecraft:porkchop":4,"croptopia:squash":8,"minecraft:acacia_planks":8,"minecraft:dandelion":1,"minecraft:golden_axe":12},"minecraft:crafted":{"minecraft:wooden_sword":2,"minecraft:oak_planks":264,"minecraft:crafting_table":5,"minecraft:wooden_pickaxe":1,"minecraft:birch_planks":32,"minecraft:stone_axe":1,"minecraft:stick":20,"minecraft:stone_pickaxe":1,"minecraft:wooden_axe":3,"minecraft:chest":1,"minecraft:acacia_planks":20},"minecraft:mined":{"croptopia:orange_crop":1,"minecraft:soul_sand":1,"farmersdelight:wild_carrots":5,"croptopia:lettuce_crop":7,"minecraft:dandelion":1,"atmospheric:tall_aloe_vera":1,"minecraft:crafting_table":4,"minecraft:cornflower":1,"croptopia:persimmon_crop":1,"graveyard:tg_rooted_dirt":4,"minecraft:acacia_log":4,"atmospheric:aloe_vera":1,"minecraft:grass_block":23,"minecraft:poppy":3,"minecraft:dead_bush":1,"minecraft:soul_soil":1,"minecraft:tall_grass":60,"graveyard:tg_grass_block":1,"minecraft:spruce_leaves":18,"minecraft:oak_planks":5,"minecraft:diorite":1,"minecraft:seagrass":3,"minecraft:hay_block":4,"minecraft:coarse_dirt":7,"croptopia:zucchini_crop":17,"graveyard:tg_moss_block":1,"minecraft:birch_log":3,"minecraft:wheat":9,"atmospheric:yucca_flower":1,"minecraft:acacia_wood":1,"minecraft:lilac":2,"croptopia:pear_crop":1,"croptopia:soybean_crop":7,"croptopia:avocado_crop":3,"minecraft:stripped_spruce_log":1,"graveyard:moss_block":5,"croptopia:tomato_crop":2,"croptopia:peach_crop":1,"minecraft:grass_path":1,"minecraft:grass":336,"croptopia:squash_crop":13,"minecraft:oak_log":22,"minecraft:dirt":10,"atmospheric:arid_sprouts":2,"minecraft:stone":13,"minecraft:fern":1,"minecraft:orange_bed":1,"minecraft:oak_leaves":6,"atmospheric:tall_yucca_flower":2}},"DataVersion":2586}