{
  "securitycraft:recipes/securitycraft/universal_block_remover": {
    "criteria": {
      "has_iron": "2024-09-09 00:47:36 +0000"
    },
    "done": true
  },
  "minecraft:recipes/tools/fishing_rod": {
    "criteria": {
      "has_string": "2024-09-09 01:15:03 +0000"
    },
    "done": true
  },
  "pfm:recipes/pfm.furniture/morado_atmospheric_brown_classic_bed": {
    "criteria": {
      "has_bed": "2024-09-09 02:05:01 +0000"
    },
    "done": true
  },
  "minecraft:recipes/food/cooked_mutton_from_campfire_cooking": {
    "criteria": {
      "has_mutton": "2024-09-08 02:29:15 +0000"
    },
    "done": true
  },
  "pfm:recipes/pfm.furniture/jungle_white_classic_bed": {
    "criteria": {
      "has_bed": "2024-09-09 01:20:12 +0000"
    },
    "done": true
  },
  "farmersdelight:recipes/farmersdelight/organic_compost_from_rotten_flesh": {
    "criteria": {
      "has_rotten_flesh": "2024-09-08 01:32:06 +0000"
    },
    "done": true
  },
  "pfm:recipes/pfm.furniture/oak_red_classic_bed": {
    "criteria": {
      "has_bed": "2024-09-09 01:38:46 +0000"
    },
    "done": true
  },
  "minecraft:recipes/redstone/acacia_button": {
    "criteria": {
      "has_planks": "2024-09-09 00:44:54 +0000"
    },
    "done": true
  },
  "minecraft:recipes/combat/iron_sword": {
    "criteria": {
      "has_iron_ingot": "2024-09-09 00:47:36 +0000"
    },
    "done": true
  },
  "pfm:recipes/pfm.furniture/brown_arm_chair": {
    "criteria": {
      "has_wool": "2024-09-09 00:34:28 +0000"
    },
    "done": true
  },
  "minecraft:recipes/building_blocks/lime_concrete_powder": {
    "criteria": {
      "has_sand": "2024-09-08 01:27:33 +0000"
    },
    "done": true
  },
  "securitycraft:recipes/securitycraft/sentry": {
    "criteria": {
      "has_iron": "2024-09-09 00:47:36 +0000"
    },
    "done": true
  },
  "pfm:recipes/pfm.furniture/spruce_white_simple_bed": {
    "criteria": {
      "has_bed": "2024-09-09 01:20:13 +0000"
    },
    "done": true
  },
  "minecraft:recipes/tools/iron_pickaxe": {
    "criteria": {
      "has_iron_ingot": "2024-09-09 00:47:36 +0000"
    },
    "done": true
  },
  "pfm:recipes/pfm.furniture/aspen_atmospheric_red_simple_bed": {
    "criteria": {
      "has_bed": "2024-09-09 01:38:46 +0000"
    },
    "done": true
  },
  "minecraft:recipes/building_blocks/yellow_concrete_powder": {
    "criteria": {
      "has_sand": "2024-09-08 01:27:33 +0000"
    },
    "done": true
  },
  "minecraft:recipes/combat/leather_helmet": {
    "criteria": {
      "has_leather": "2024-09-09 01:10:29 +0000"
    },
    "done": true
  },
  "minecraft:recipes/building_blocks/magenta_wool": {
    "criteria": {
      "has_white_wool": "2024-09-08 02:35:23 +0000"
    },
    "done": true
  },
  "minecraft:recipes/decorations/crafting_table": {
    "criteria": {
      "has_planks": "2024-09-09 00:44:54 +0000"
    },
    "done": true
  },
  "pfm:recipes/pfm.furniture/blue_simple_sofa": {
    "criteria": {
      "has_wool": "2024-09-09 00:34:28 +0000"
    },
    "done": true
  },
  "minecraft:recipes/decorations/ladder": {
    "criteria": {
      "has_stick": "2024-09-08 02:28:53 +0000"
    },
    "done": true
  },
  "farmersdelight:recipes/farmersdelight/pie_crust": {
    "criteria": {
      "has_wheat": "2024-09-08 02:27:33 +0000"
    },
    "done": true
  },
  "minecraft:recipes/decorations/chest": {
    "criteria": {
      "has_lots_of_items": "2024-09-08 01:32:06 +0000"
    },
    "done": true
  },
  "minecraft:recipes/combat/golden_sword": {
    "criteria": {
      "has_gold_ingot": "2024-09-08 01:49:35 +0000"
    },
    "done": true
  },
  "minecraft:story/shiny_gear": {
    "criteria": {
      "diamond_boots": "2024-09-09 00:36:56 +0000"
    },
    "done": true
  },
  "pfm:recipes/pfm.furniture/rosewood_atmospheric_red_simple_bed": {
    "criteria": {
      "has_bed": "2024-09-09 01:38:46 +0000"
    },
    "done": true
  },
  "minecraft:recipes/tools/wooden_shovel": {
    "criteria": {
      "has_stick": "2024-09-08 02:28:53 +0000"
    },
    "done": true
  },
  "minecraft:recipes/tools/shears": {
    "criteria": {
      "has_iron_ingot": "2024-09-09 00:47:36 +0000"
    },
    "done": true
  },
  "minecraft:recipes/misc/stick": {
    "criteria": {
      "has_planks": "2024-09-09 00:44:54 +0000"
    },
    "done": true
  },
  "minecraft:recipes/misc/flower_banner_pattern": {
    "criteria": {
      "has_oxeye_daisy": "2024-09-09 00:36:13 +0000"
    },
    "done": true
  },
  "pfm:recipes/pfm.furniture/rosewood_atmospheric_brown_classic_bed": {
    "criteria": {
      "has_bed": "2024-09-09 02:05:01 +0000"
    },
    "done": true
  },
  "pfm:recipes/pfm.furniture/iron_freezer": {
    "criteria": {
      "has_iron_ingot": "2024-09-09 00:47:36 +0000"
    },
    "done": true
  },
  "pfm:recipes/pfm.furniture/acacia_classic_nightstand": {
    "criteria": {
      "has_planks": "2024-09-09 00:44:54 +0000"
    },
    "done": true
  },
  "pfm:recipes/pfm.furniture/warped_white_simple_bed": {
    "criteria": {
      "has_bed": "2024-09-09 01:20:13 +0000"
    },
    "done": true
  },
  "pfm:recipes/pfm.furniture/kousa_atmospheric_brown_classic_bed": {
    "criteria": {
      "has_bed": "2024-09-09 02:05:01 +0000"
    },
    "done": true
  },
  "securitycraft:recipes/securitycraft/electrified_iron_fence": {
    "criteria": {
      "has_iron": "2024-09-09 00:47:36 +0000"
    },
    "done": true
  },
  "minecraft:recipes/building_blocks/emerald_block": {
    "criteria": {
      "has_emerald": "2024-09-08 01:49:35 +0000"
    },
    "done": true
  },
  "pfm:recipes/pfm.furniture/yucca_atmospheric_orange_simple_bed": {
    "criteria": {
      "has_bed": "2024-09-09 00:43:41 +0000"
    },
    "done": true
  },
  "securitycraft:recipes/securitycraft/reinforced_dark_oak_fence_gate": {
    "criteria": {
      "has_stick": "2024-09-08 02:28:53 +0000"
    },
    "done": true
  },
  "pfm:recipes/pfm.furniture/aspen_atmospheric_brown_classic_bed": {
    "criteria": {
      "has_bed": "2024-09-09 02:05:01 +0000"
    },
    "done": true
  },
  "minecraft:recipes/combat/iron_leggings": {
    "criteria": {
      "has_iron_ingot": "2024-09-09 00:47:36 +0000"
    },
    "done": true
  },
  "pfm:recipes/pfm.furniture/green_arm_chair": {
    "criteria": {
      "has_wool": "2024-09-09 00:34:28 +0000"
    },
    "done": true
  },
  "pfm:recipes/pfm.furniture/kousa_atmospheric_brown_simple_bed": {
    "criteria": {
      "has_bed": "2024-09-09 02:05:01 +0000"
    },
    "done": true
  },
  "pfm:recipes/pfm.furniture/aspen_atmospheric_white_simple_bed": {
    "criteria": {
      "has_bed": "2024-09-09 01:20:13 +0000"
    },
    "done": true
  },
  "pfm:recipes/pfm.furniture/jungle_white_simple_bed": {
    "criteria": {
      "has_bed": "2024-09-09 01:20:13 +0000"
    },
    "done": true
  },
  "pfm:recipes/pfm.furniture/lime_simple_sofa": {
    "criteria": {
      "has_wool": "2024-09-09 00:34:28 +0000"
    },
    "done": true
  },
  "minecraft:recipes/combat/shield": {
    "criteria": {
      "has_iron_ingot": "2024-09-09 00:47:36 +0000"
    },
    "done": true
  },
  "dungeons_arise:find_small_prairie_house": {
    "criteria": {
      "location0": "2024-09-09 02:02:35 +0000"
    },
    "done": true
  },
  "pfm:recipes/pfm.furniture/oak_chair_dinner": {
    "criteria": {
      "has_planks": "2024-09-09 01:55:18 +0000"
    },
    "done": true
  },
  "minecraft:recipes/decorations/gray_bed": {
    "criteria": {
      "has_gray_wool": "2024-09-08 02:33:20 +0000"
    },
    "done": true
  },
  "minecraft:recipes/redstone/hopper": {
    "criteria": {
      "has_iron_ingot": "2024-09-09 00:47:36 +0000"
    },
    "done": true
  },
  "minecraft:recipes/building_blocks/coarse_dirt": {
    "criteria": {
      "has_gravel": "2024-09-08 02:54:37 +0000"
    },
    "done": true
  },
  "pfm:recipes/pfm.furniture/yucca_atmospheric_white_classic_bed": {
    "criteria": {
      "has_bed": "2024-09-09 01:20:13 +0000"
    },
    "done": true
  },
  "pfm:recipes/pfm.furniture/acacia_chair_modern": {
    "criteria": {
      "has_planks": "2024-09-09 00:44:54 +0000"
    },
    "done": true
  },
  "pfm:recipes/pfm.furniture/morado_atmospheric_white_classic_bed": {
    "criteria": {
      "has_bed": "2024-09-09 01:20:12 +0000"
    },
    "done": true
  },
  "pfm:recipes/pfm.furniture/warped_red_classic_bed": {
    "criteria": {
      "has_bed": "2024-09-09 01:38:47 +0000"
    },
    "done": true
  },
  "minecraft:recipes/building_blocks/light_gray_concrete_powder": {
    "criteria": {
      "has_sand": "2024-09-08 01:27:33 +0000"
    },
    "done": true
  },
  "securitycraft:recipes/securitycraft/reinforced_spruce_fence_gate": {
    "criteria": {
      "has_stick": "2024-09-08 02:28:53 +0000"
    },
    "done": true
  },
  "pfm:recipes/pfm.furniture/jungle_orange_simple_bed": {
    "criteria": {
      "has_bed": "2024-09-09 00:43:41 +0000"
    },
    "done": true
  },
  "pfm:recipes/pfm.furniture/spruce_red_simple_bed": {
    "criteria": {
      "has_bed": "2024-09-09 01:38:46 +0000"
    },
    "done": true
  },
  "minecraft:recipes/combat/leather_leggings": {
    "criteria": {
      "has_leather": "2024-09-09 01:10:29 +0000"
    },
    "done": true
  },
  "minecraft:recipes/building_blocks/pink_concrete_powder": {
    "criteria": {
      "has_sand": "2024-09-08 01:27:33 +0000"
    },
    "done": true
  },
  "securitycraft:recipes/securitycraft/security_camera": {
    "criteria": {
      "has_iron": "2024-09-09 00:47:36 +0000"
    },
    "done": true
  },
  "pfm:recipes/pfm.furniture/gray_simple_sofa": {
    "criteria": {
      "has_wool": "2024-09-09 00:34:28 +0000"
    },
    "done": true
  },
  "securitycraft:recipes/securitycraft/door_indestructible_iron_item": {
    "criteria": {
      "has_iron": "2024-09-09 00:47:36 +0000"
    },
    "done": true
  },
  "pfm:recipes/pfm.furniture/iron_stove": {
    "criteria": {
      "has_iron_ingot": "2024-09-09 00:47:36 +0000"
    },
    "done": true
  },
  "pfm:recipes/pfm.furniture/rosewood_atmospheric_red_classic_bed": {
    "criteria": {
      "has_bed": "2024-09-09 01:38:46 +0000"
    },
    "done": true
  },
  "minecraft:recipes/decorations/acacia_fence": {
    "criteria": {
      "has_planks": "2024-09-09 00:44:54 +0000"
    },
    "done": true
  },
  "minecraft:recipes/decorations/magenta_bed_from_white_bed": {
    "criteria": {
      "has_bed": "2024-09-09 01:20:12 +0000"
    },
    "done": true
  },
  "pfm:recipes/pfm.furniture/acacia_table_modern_dinner": {
    "criteria": {
      "has_planks": "2024-09-09 00:44:54 +0000"
    },
    "done": true
  },
  "minecraft:recipes/decorations/iron_bars": {
    "criteria": {
      "has_iron_ingot": "2024-09-09 00:47:36 +0000"
    },
    "done": true
  },
  "pfm:recipes/pfm.furniture/acacia_brown_simple_bed": {
    "criteria": {
      "has_bed": "2024-09-09 02:05:01 +0000"
    },
    "done": true
  },
  "securitycraft:recipes/securitycraft/reinforced_crimson_fence_gate": {
    "criteria": {
      "has_stick": "2024-09-08 02:28:53 +0000"
    },
    "done": true
  },
  "minecraft:recipes/building_blocks/gold_block": {
    "criteria": {
      "has_gold_ingot": "2024-09-08 01:49:35 +0000"
    },
    "done": true
  },
  "minecraft:recipes/building_blocks/blue_wool": {
    "criteria": {
      "has_white_wool": "2024-09-08 02:35:23 +0000"
    },
    "done": true
  },
  "minecraft:story/obtain_armor": {
    "criteria": {
      "iron_boots": "2024-09-08 01:49:35 +0000"
    },
    "done": true
  },
  "alexsmobs:alexsmobs/maraca": {
    "criteria": {
      "rat_upgrade_basic": "2024-09-09 00:35:51 +0000"
    },
    "done": true
  },
  "minecraft:recipes/misc/yellow_dye_from_sunflower": {
    "criteria": {
      "has_double_plant": "2024-09-09 02:04:03 +0000"
    },
    "done": true
  },
  "pfm:recipes/pfm.furniture/acacia_table_basic": {
    "criteria": {
      "has_planks": "2024-09-09 00:44:54 +0000"
    },
    "done": true
  },
  "securitycraft:recipes/securitycraft/reinforced_jungle_fence": {
    "criteria": {
      "has_stick": "2024-09-08 02:28:53 +0000"
    },
    "done": true
  },
  "minecraft:recipes/combat/diamond_leggings": {
    "criteria": {
      "has_diamond": "2024-09-09 00:44:44 +0000"
    },
    "done": true
  },
  "minecraft:recipes/building_blocks/sandstone": {
    "criteria": {
      "has_sand": "2024-09-08 01:27:33 +0000"
    },
    "done": true
  },
  "minecraft:adventure/sleep_in_bed": {
    "criteria": {
      "slept_in_bed": "2024-09-09 00:43:29 +0000"
    },
    "done": true
  },
  "pfm:recipes/pfm.furniture/grimwood_atmospheric_brown_simple_bed": {
    "criteria": {
      "has_bed": "2024-09-09 02:05:01 +0000"
    },
    "done": true
  },
  "pfm:recipes/pfm.furniture/purple_arm_chair": {
    "criteria": {
      "has_wool": "2024-09-09 00:34:28 +0000"
    },
    "done": true
  },
  "minecraft:recipes/building_blocks/oak_stairs": {
    "criteria": {
      "has_planks": "2024-09-09 01:55:18 +0000"
    },
    "done": true
  },
  "pfm:recipes/pfm.furniture/spruce_red_classic_bed": {
    "criteria": {
      "has_bed": "2024-09-09 01:38:46 +0000"
    },
    "done": true
  },
  "valhelsia_structures:recipes/valhelsia_structures_main/soul_brazier": {
    "criteria": {
      "has_item": "2024-09-08 01:31:48 +0000"
    },
    "done": true
  },
  "minecraft:recipes/transportation/acacia_boat": {
    "criteria": {
      "in_water": "2024-09-08 01:20:09 +0000"
    },
    "done": true
  },
  "pfm:recipes/pfm.furniture/aspen_atmospheric_brown_simple_bed": {
    "criteria": {
      "has_bed": "2024-09-09 02:05:01 +0000"
    },
    "done": true
  },
  "pfm:recipes/pfm.furniture/rosewood_atmospheric_white_simple_bed": {
    "criteria": {
      "has_bed": "2024-09-09 01:20:13 +0000"
    },
    "done": true
  },
  "minecraft:recipes/redstone/iron_trapdoor": {
    "criteria": {
      "has_iron_ingot": "2024-09-09 00:47:36 +0000"
    },
    "done": true
  },
  "farmersdelight:recipes/farmersdelight/cutting_board": {
    "criteria": {
      "has_stick": "2024-09-08 02:28:53 +0000"
    },
    "done": true
  },
  "minecraft:adventure/root": {
    "criteria": {
      "killed_something": "2024-09-08 01:09:59 +0000"
    },
    "done": true
  },
  "minecraft:recipes/decorations/black_bed": {
    "criteria": {
      "has_black_wool": "2024-09-08 02:29:15 +0000"
    },
    "done": true
  },
  "pfm:recipes/pfm.furniture/oak_white_classic_bed": {
    "criteria": {
      "has_bed": "2024-09-09 01:20:13 +0000"
    },
    "done": true
  },
  "securitycraft:recipes/securitycraft/storage_module": {
    "criteria": {
      "has_iron": "2024-09-09 00:47:36 +0000"
    },
    "done": true
  },
  "minecraft:recipes/decorations/gray_bed_from_white_bed": {
    "criteria": {
      "has_bed": "2024-09-09 01:20:12 +0000"
    },
    "done": true
  },
  "minecraft:recipes/building_blocks/white_concrete_powder": {
    "criteria": {
      "has_sand": "2024-09-08 01:27:33 +0000"
    },
    "done": true
  },
  "minecraft:recipes/building_blocks/white_wool_from_string": {
    "criteria": {
      "has_string": "2024-09-09 01:15:03 +0000"
    },
    "done": true
  },
  "minecraft:recipes/tools/diamond_pickaxe": {
    "criteria": {
      "has_diamond": "2024-09-09 00:44:44 +0000"
    },
    "done": true
  },
  "pfm:recipes/pfm.furniture/acacia_chair_classic": {
    "criteria": {
      "has_planks": "2024-09-09 00:44:54 +0000"
    },
    "done": true
  },
  "minecraft:adventure/kill_all_mobs": {
    "criteria": {
      "minecraft:pillager": "2024-09-09 01:54:10 +0000",
      "minecraft:skeleton": "2024-09-09 01:17:53 +0000",
      "minecraft:spider": "2024-09-09 01:18:15 +0000",
      "minecraft:zombie": "2024-09-08 02:48:59 +0000"
    },
    "done": false
  },
  "pfm:recipes/pfm.furniture/oak_table_classic": {
    "criteria": {
      "has_planks": "2024-09-09 01:55:18 +0000"
    },
    "done": true
  },
  "farmersdelight:recipes/farmersdelight/cooking_pot": {
    "criteria": {
      "has_iron_ingot": "2024-09-09 00:47:36 +0000"
    },
    "done": true
  },
  "pfm:recipes/pfm.furniture/orange_simple_sofa": {
    "criteria": {
      "has_wool": "2024-09-09 00:34:28 +0000"
    },
    "done": true
  },
  "pfm:recipes/pfm.furniture/iron_oven_range_hood": {
    "criteria": {
      "has_iron_ingot": "2024-09-09 00:47:36 +0000"
    },
    "done": true
  },
  "pfm:recipes/pfm.furniture/acacia_modern_stool": {
    "criteria": {
      "has_planks": "2024-09-09 00:44:54 +0000"
    },
    "done": true
  },
  "pfm:recipes/pfm.furniture/oak_log_stool": {
    "criteria": {
      "has_log": "2024-09-09 00:34:28 +0000"
    },
    "done": true
  },
  "pfm:recipes/pfm.furniture/rosewood_atmospheric_white_classic_bed": {
    "criteria": {
      "has_bed": "2024-09-09 01:20:13 +0000"
    },
    "done": true
  },
  "minecraft:recipes/decorations/fletching_table": {
    "criteria": {
      "has_flint": "2024-09-08 01:37:21 +0000"
    },
    "done": true
  },
  "pfm:recipes/pfm.furniture/black_simple_sofa": {
    "criteria": {
      "has_wool": "2024-09-09 00:34:28 +0000"
    },
    "done": true
  },
  "minecraft:recipes/decorations/pink_bed_from_white_bed": {
    "criteria": {
      "has_bed": "2024-09-09 01:20:13 +0000"
    },
    "done": true
  },
  "pfm:recipes/pfm.furniture/oak_orange_classic_bed": {
    "criteria": {
      "has_bed": "2024-09-09 00:43:41 +0000"
    },
    "done": true
  },
  "pfm:recipes/pfm.furniture/acacia_kitchen_counter": {
    "criteria": {
      "has_planks": "2024-09-09 00:44:54 +0000"
    },
    "done": true
  },
  "minecraft:recipes/misc/iron_nugget_from_smelting": {
    "criteria": {
      "has_iron_boots": "2024-09-08 01:49:35 +0000"
    },
    "done": true
  },
  "minecraft:recipes/food/cooked_mutton_from_smoking": {
    "criteria": {
      "has_mutton": "2024-09-08 02:29:15 +0000"
    },
    "done": true
  },
  "pfm:recipes/pfm.furniture/white_shower_towel": {
    "criteria": {
      "has_white_wool": "2024-09-08 02:35:23 +0000"
    },
    "done": true
  },
  "pfm:recipes/pfm.furniture/warped_orange_simple_bed": {
    "criteria": {
      "has_bed": "2024-09-09 00:43:41 +0000"
    },
    "done": true
  },
  "minecraft:recipes/decorations/chain": {
    "criteria": {
      "has_iron_ingot": "2024-09-09 00:47:36 +0000"
    },
    "done": true
  },
  "securitycraft:recipes/securitycraft/reinforced_warped_fence_gate": {
    "criteria": {
      "has_stick": "2024-09-08 02:28:53 +0000"
    },
    "done": true
  },
  "minecraft:recipes/decorations/oak_fence": {
    "criteria": {
      "has_planks": "2024-09-09 01:55:18 +0000"
    },
    "done": true
  },
  "pfm:recipes/pfm.furniture/jungle_brown_classic_bed": {
    "criteria": {
      "has_bed": "2024-09-09 02:05:01 +0000"
    },
    "done": true
  },
  "dungeons_arise:find_giant_mushroom": {
    "criteria": {
      "location0": "2024-09-09 01:13:50 +0000"
    },
    "done": true
  },
  "pfm:recipes/pfm.furniture/jungle_brown_simple_bed": {
    "criteria": {
      "has_bed": "2024-09-09 02:05:01 +0000"
    },
    "done": true
  },
  "pfm:recipes/pfm.furniture/cyan_arm_chair": {
    "criteria": {
      "has_wool": "2024-09-09 00:34:28 +0000"
    },
    "done": true
  },
  "pfm:recipes/pfm.furniture/yucca_atmospheric_white_simple_bed": {
    "criteria": {
      "has_bed": "2024-09-09 01:20:13 +0000"
    },
    "done": true
  },
  "securitycraft:recipes/securitycraft/reinforced_sticky_piston": {
    "criteria": {
      "has_slime_ball": "2024-09-09 02:04:15 +0000"
    },
    "done": true
  },
  "minecraft:recipes/building_blocks/orange_concrete_powder": {
    "criteria": {
      "has_sand": "2024-09-08 01:27:33 +0000"
    },
    "done": true
  },
  "minecraft:recipes/building_blocks/oak_slab": {
    "criteria": {
      "has_planks": "2024-09-09 01:55:18 +0000"
    },
    "done": true
  },
  "pfm:recipes/pfm.furniture/crimson_orange_classic_bed": {
    "criteria": {
      "has_bed": "2024-09-09 00:43:41 +0000"
    },
    "done": true
  },
  "pfm:recipes/pfm.furniture/acacia_table_log": {
    "criteria": {
      "has_log": "2024-09-09 00:44:54 +0000"
    },
    "done": true
  },
  "pfm:recipes/pfm.furniture/oak_orange_simple_bed": {
    "criteria": {
      "has_bed": "2024-09-09 00:43:41 +0000"
    },
    "done": true
  },
  "pfm:recipes/pfm.furniture/oak_classic_stool": {
    "criteria": {
      "has_planks": "2024-09-09 01:55:18 +0000"
    },
    "done": true
  },
  "securitycraft:recipes/securitycraft/reinforced_crimson_fence": {
    "criteria": {
      "has_stick": "2024-09-08 02:28:53 +0000"
    },
    "done": true
  },
  "pfm:recipes/pfm.furniture/acacia_kitchen_wall_drawer": {
    "criteria": {
      "has_planks": "2024-09-09 00:44:54 +0000"
    },
    "done": true
  },
  "pfm:recipes/pfm.furniture/pink_arm_chair": {
    "criteria": {
      "has_wool": "2024-09-09 00:34:28 +0000"
    },
    "done": true
  },
  "pfm:recipes/pfm.furniture/warped_brown_simple_bed": {
    "criteria": {
      "has_bed": "2024-09-09 02:05:01 +0000"
    },
    "done": true
  },
  "pfm:recipes/pfm.furniture/oak_chair": {
    "criteria": {
      "has_planks": "2024-09-09 01:55:18 +0000"
    },
    "done": true
  },
  "pfm:recipes/pfm.furniture/warped_red_simple_bed": {
    "criteria": {
      "has_bed": "2024-09-09 01:38:46 +0000"
    },
    "done": true
  },
  "pfm:recipes/pfm.furniture/gray_shower_towel": {
    "criteria": {
      "has_gray_wool": "2024-09-08 02:33:20 +0000"
    },
    "done": true
  },
  "pfm:recipes/pfm.furniture/dark_oak_orange_simple_bed": {
    "criteria": {
      "has_bed": "2024-09-09 00:43:41 +0000"
    },
    "done": true
  },
  "pfm:recipes/pfm.furniture/acacia_kitchen_cabinet": {
    "criteria": {
      "has_planks": "2024-09-09 00:44:54 +0000"
    },
    "done": true
  },
  "minecraft:recipes/building_blocks/black_wool": {
    "criteria": {
      "has_white_wool": "2024-09-08 02:35:23 +0000"
    },
    "done": true
  },
  "pfm:recipes/pfm.furniture/grimwood_atmospheric_white_classic_bed": {
    "criteria": {
      "has_bed": "2024-09-09 01:20:13 +0000"
    },
    "done": true
  },
  "minecraft:recipes/combat/golden_chestplate": {
    "criteria": {
      "has_gold_ingot": "2024-09-08 01:49:35 +0000"
    },
    "done": true
  },
  "pfm:recipes/pfm.furniture/light_gray_simple_sofa": {
    "criteria": {
      "has_wool": "2024-09-09 00:34:28 +0000"
    },
    "done": true
  },
  "pfm:recipes/pfm.furniture/spruce_white_classic_bed": {
    "criteria": {
      "has_bed": "2024-09-09 01:20:13 +0000"
    },
    "done": true
  },
  "pfm:recipes/pfm.furniture/dark_oak_orange_classic_bed": {
    "criteria": {
      "has_bed": "2024-09-09 00:43:41 +0000"
    },
    "done": true
  },
  "minecraft:recipes/redstone/acacia_pressure_plate": {
    "criteria": {
      "has_planks": "2024-09-09 00:44:54 +0000"
    },
    "done": true
  },
  "valhelsia_structures:recipes/valhelsia_structures_main/brazier": {
    "criteria": {
      "has_item": "2024-09-09 01:10:13 +0000"
    },
    "done": true
  },
  "pfm:recipes/pfm.furniture/oak_simple_stool": {
    "criteria": {
      "has_planks": "2024-09-09 01:55:18 +0000"
    },
    "done": true
  },
  "pfm:recipes/pfm.furniture/oak_kitchen_counter": {
    "criteria": {
      "has_planks": "2024-09-09 01:55:18 +0000"
    },
    "done": true
  },
  "pfm:recipes/pfm.furniture/yucca_atmospheric_orange_classic_bed": {
    "criteria": {
      "has_bed": "2024-09-09 00:43:41 +0000"
    },
    "done": true
  },
  "pfm:recipes/pfm.furniture/crimson_red_classic_bed": {
    "criteria": {
      "has_bed": "2024-09-09 01:38:46 +0000"
    },
    "done": true
  },
  "minecraft:recipes/building_blocks/iron_block": {
    "criteria": {
      "has_iron_ingot": "2024-09-09 00:47:36 +0000"
    },
    "done": true
  },
  "pfm:recipes/pfm.furniture/morado_atmospheric_orange_simple_bed": {
    "criteria": {
      "has_bed": "2024-09-09 00:43:41 +0000"
    },
    "done": true
  },
  "minecraft:recipes/misc/red_dye_from_poppy": {
    "criteria": {
      "has_red_flower": "2024-09-09 01:20:40 +0000"
    },
    "done": true
  },
  "pfm:recipes/pfm.furniture/oak_chair_classic_cyan": {
    "criteria": {
      "oak_chair_classic_cyan": "2024-09-09 02:04:24 +0000"
    },
    "done": true
  },
  "securitycraft:recipes/securitycraft/reinforced_birch_fence": {
    "criteria": {
      "has_stick": "2024-09-08 02:28:53 +0000"
    },
    "done": true
  },
  "minecraft:story/deflect_arrow": {
    "criteria": {
      "deflected_projectile": "2024-09-09 01:14:30 +0000"
    },
    "done": true
  },
  "minecraft:recipes/building_blocks/light_blue_wool": {
    "criteria": {
      "has_white_wool": "2024-09-08 02:35:23 +0000"
    },
    "done": true
  },
  "minecraft:recipes/combat/wooden_sword": {
    "criteria": {
      "has_stick": "2024-09-08 02:28:53 +0000"
    },
    "done": true
  },
  "minecraft:recipes/decorations/gray_banner": {
    "criteria": {
      "has_gray_wool": "2024-09-08 02:33:20 +0000"
    },
    "done": true
  },
  "pfm:recipes/pfm.furniture/iron_fridge": {
    "criteria": {
      "has_iron_ingot": "2024-09-09 00:47:36 +0000"
    },
    "done": true
  },
  "minecraft:recipes/building_blocks/oak_planks": {
    "criteria": {
      "has_logs": "2024-09-09 00:34:28 +0000"
    },
    "done": true
  },
  "minecraft:recipes/building_blocks/gray_concrete_powder": {
    "criteria": {
      "has_sand": "2024-09-08 01:27:33 +0000"
    },
    "done": true
  },
  "pfm:recipes/pfm.furniture/aspen_atmospheric_orange_classic_bed": {
    "criteria": {
      "has_bed": "2024-09-09 00:43:41 +0000"
    },
    "done": true
  },
  "pfm:recipes/pfm.furniture/acacia_kitchen_drawer": {
    "criteria": {
      "has_planks": "2024-09-09 00:44:54 +0000"
    },
    "done": true
  },
  "pfm:recipes/pfm.furniture/acacia_kitchen_wall_counter": {
    "criteria": {
      "has_planks": "2024-09-09 00:44:54 +0000"
    },
    "done": true
  },
  "securitycraft:recipes/securitycraft/smart_module": {
    "criteria": {
      "has_iron": "2024-09-09 00:47:36 +0000"
    },
    "done": true
  },
  "minecraft:recipes/decorations/cyan_banner": {
    "criteria": {
      "has_cyan_wool": "2024-09-09 02:04:24 +0000"
    },
    "done": true
  },
  "minecraft:recipes/tools/golden_axe": {
    "criteria": {
      "has_gold_ingot": "2024-09-08 01:49:35 +0000"
    },
    "done": true
  },
  "pfm:recipes/pfm.furniture/acacia_white_simple_bed": {
    "criteria": {
      "has_bed": "2024-09-09 01:20:12 +0000"
    },
    "done": true
  },
  "securitycraft:recipes/securitycraft/block_change_detector": {
    "criteria": {
      "has_iron": "2024-09-09 00:47:36 +0000"
    },
    "done": true
  },
  "minecraft:recipes/tools/iron_axe": {
    "criteria": {
      "has_iron_ingot": "2024-09-09 00:47:36 +0000"
    },
    "done": true
  },
  "pfm:recipes/pfm.furniture/acacia_simple_bunk_ladder": {
    "criteria": {
      "has_planks": "2024-09-09 00:44:54 +0000"
    },
    "done": true
  },
  "pfm:recipes/pfm.furniture/rosewood_atmospheric_orange_simple_bed": {
    "criteria": {
      "has_bed": "2024-09-09 00:43:41 +0000"
    },
    "done": true
  },
  "minecraft:recipes/decorations/black_banner": {
    "criteria": {
      "has_black_wool": "2024-09-08 02:29:15 +0000"
    },
    "done": true
  },
  "minecraft:recipes/decorations/gray_carpet": {
    "criteria": {
      "has_gray_wool": "2024-09-08 02:33:20 +0000"
    },
    "done": true
  },
  "minecraft:recipes/redstone/tripwire_hook": {
    "criteria": {
      "has_string": "2024-09-09 01:15:03 +0000"
    },
    "done": true
  },
  "securitycraft:recipes/securitycraft/reinforced_acacia_fence": {
    "criteria": {
      "has_stick": "2024-09-08 02:28:53 +0000"
    },
    "done": true
  },
  "pfm:recipes/pfm.furniture/acacia_orange_simple_bed": {
    "criteria": {
      "has_bed": "2024-09-09 00:43:41 +0000"
    },
    "done": true
  },
  "minecraft:recipes/combat/iron_boots": {
    "criteria": {
      "has_iron_ingot": "2024-09-09 00:47:36 +0000"
    },
    "done": true
  },
  "minecraft:recipes/misc/bone_meal": {
    "criteria": {
      "has_bone": "2024-09-08 01:32:06 +0000"
    },
    "done": true
  },
  "pfm:recipes/pfm.furniture/birch_orange_classic_bed": {
    "criteria": {
      "has_bed": "2024-09-09 00:43:41 +0000"
    },
    "done": true
  },
  "minecraft:recipes/building_blocks/black_concrete_powder": {
    "criteria": {
      "has_sand": "2024-09-08 01:27:33 +0000"
    },
    "done": true
  },
  "pfm:recipes/pfm.furniture/crimson_brown_classic_bed": {
    "criteria": {
      "has_bed": "2024-09-09 02:05:01 +0000"
    },
    "done": true
  },
  "farmersdelight:recipes/farmersdelight/iron_knife": {
    "criteria": {
      "has_iron_ingot": "2024-09-09 00:47:36 +0000"
    },
    "done": true
  },
  "pfm:recipes/pfm.furniture/yucca_atmospheric_brown_simple_bed": {
    "criteria": {
      "has_bed": "2024-09-09 02:05:01 +0000"
    },
    "done": true
  },
  "pfm:recipes/pfm.furniture/spruce_brown_classic_bed": {
    "criteria": {
      "has_bed": "2024-09-09 02:05:01 +0000"
    },
    "done": true
  },
  "minecraft:recipes/combat/crossbow": {
    "criteria": {
      "has_stick": "2024-09-08 02:28:53 +0000"
    },
    "done": true
  },
  "minecraft:recipes/combat/iron_chestplate": {
    "criteria": {
      "has_iron_ingot": "2024-09-09 00:47:36 +0000"
    },
    "done": true
  },
  "minecraft:recipes/building_blocks/yellow_wool": {
    "criteria": {
      "has_white_wool": "2024-09-08 02:35:23 +0000"
    },
    "done": true
  },
  "minecraft:recipes/decorations/oak_sign": {
    "criteria": {
      "has_oak_planks": "2024-09-09 01:55:18 +0000"
    },
    "done": true
  },
  "pfm:recipes/pfm.furniture/acacia_chair": {
    "criteria": {
      "has_planks": "2024-09-09 00:44:54 +0000"
    },
    "done": true
  },
  "minecraft:recipes/redstone/oak_trapdoor": {
    "criteria": {
      "has_planks": "2024-09-09 01:55:18 +0000"
    },
    "done": true
  },
  "pfm:recipes/pfm.furniture/morado_atmospheric_brown_simple_bed": {
    "criteria": {
      "has_bed": "2024-09-09 02:05:01 +0000"
    },
    "done": true
  },
  "minecraft:recipes/building_blocks/red_concrete_powder": {
    "criteria": {
      "has_sand": "2024-09-08 01:27:33 +0000"
    },
    "done": true
  },
  "minecraft:recipes/decorations/light_blue_bed_from_white_bed": {
    "criteria": {
      "has_bed": "2024-09-09 01:20:12 +0000"
    },
    "done": true
  },
  "minecraft:recipes/misc/iron_nugget_from_blasting": {
    "criteria": {
      "has_iron_boots": "2024-09-08 01:49:35 +0000"
    },
    "done": true
  },
  "pfm:recipes/pfm.furniture/acacia_kitchen_wall_small_drawer": {
    "criteria": {
      "has_planks": "2024-09-09 00:44:54 +0000"
    },
    "done": true
  },
  "securitycraft:recipes/securitycraft/trophy_system": {
    "criteria": {
      "has_iron": "2024-09-09 00:47:36 +0000"
    },
    "done": true
  },
  "pfm:recipes/pfm.furniture/birch_red_simple_bed": {
    "criteria": {
      "has_bed": "2024-09-09 01:38:46 +0000"
    },
    "done": true
  },
  "minecraft:adventure/kill_a_mob": {
    "criteria": {
      "minecraft:zombie": "2024-09-08 02:48:59 +0000"
    },
    "done": true
  },
  "securitycraft:recipes/securitycraft/camera_monitor": {
    "criteria": {
      "has_iron": "2024-09-09 00:47:36 +0000"
    },
    "done": true
  },
  "dungeons_arise:find_wishing_well": {
    "criteria": {
      "location0": "2024-09-08 02:31:11 +0000"
    },
    "done": true
  },
  "minecraft:recipes/tools/golden_pickaxe": {
    "criteria": {
      "has_gold_ingot": "2024-09-08 01:49:35 +0000"
    },
    "done": true
  },
  "pfm:recipes/pfm.furniture/kousa_atmospheric_white_simple_bed": {
    "criteria": {
      "has_bed": "2024-09-09 01:20:13 +0000"
    },
    "done": true
  },
  "securitycraft:recipes/securitycraft/limited_use_keycard": {
    "criteria": {
      "has_iron": "2024-09-09 00:47:36 +0000"
    },
    "done": true
  },
  "pfm:recipes/pfm.furniture/oak_kitchen_sink": {
    "criteria": {
      "has_planks": "2024-09-09 01:55:18 +0000"
    },
    "done": true
  },
  "minecraft:recipes/redstone/sticky_piston": {
    "criteria": {
      "has_slime_ball": "2024-09-09 02:04:15 +0000"
    },
    "done": true
  },
  "pfm:recipes/pfm.furniture/acacia_chair_dinner": {
    "criteria": {
      "has_planks": "2024-09-09 00:44:54 +0000"
    },
    "done": true
  },
  "pfm:recipes/pfm.furniture/oak_kitchen_cabinet": {
    "criteria": {
      "has_planks": "2024-09-09 01:55:18 +0000"
    },
    "done": true
  },
  "pfm:recipes/pfm.furniture/oak_modern_stool": {
    "criteria": {
      "has_planks": "2024-09-09 01:55:18 +0000"
    },
    "done": true
  },
  "pfm:recipes/pfm.furniture/morado_atmospheric_red_simple_bed": {
    "criteria": {
      "has_bed": "2024-09-09 01:38:46 +0000"
    },
    "done": true
  },
  "minecraft:adventure/adventuring_time": {
    "criteria": {
      "minecraft:mountains": "2024-09-09 00:49:45 +0000",
      "minecraft:birch_forest": "2024-09-09 01:23:53 +0000",
      "minecraft:savanna_plateau": "2024-09-08 01:40:44 +0000",
      "minecraft:dark_forest": "2024-09-08 03:05:21 +0000",
      "minecraft:river": "2024-09-08 01:10:41 +0000",
      "minecraft:wooded_mountains": "2024-09-09 00:49:40 +0000",
      "minecraft:swamp": "2024-09-08 01:21:38 +0000",
      "atmospheric:rocky_dunes": "2024-09-08 02:53:33 +0000",
      "atmospheric:dunes": "2024-09-08 02:51:39 +0000",
      "minecraft:forest": "2024-09-09 00:43:51 +0000",
      "minecraft:desert": "2024-09-08 01:10:45 +0000",
      "minecraft:birch_forest_hills": "2024-09-09 01:24:14 +0000",
      "minecraft:wooded_hills": "2024-09-09 00:48:51 +0000",
      "minecraft:savanna": "2024-09-08 01:28:47 +0000",
      "minecraft:plains": "2024-09-08 01:08:17 +0000"
    },
    "done": false
  },
  "minecraft:recipes/decorations/purple_bed_from_white_bed": {
    "criteria": {
      "has_bed": "2024-09-09 01:20:13 +0000"
    },
    "done": true
  },
  "pfm:recipes/pfm.furniture/grimwood_atmospheric_white_simple_bed": {
    "criteria": {
      "has_bed": "2024-09-09 01:20:12 +0000"
    },
    "done": true
  },
  "securitycraft:recipes/securitycraft/whitelist_module": {
    "criteria": {
      "has_iron": "2024-09-09 00:47:36 +0000"
    },
    "done": true
  },
  "pfm:recipes/pfm.furniture/acacia_red_simple_bed": {
    "criteria": {
      "has_bed": "2024-09-09 01:38:47 +0000"
    },
    "done": true
  },
  "securitycraft:recipes/securitycraft/reinforced_warped_fence": {
    "criteria": {
      "has_stick": "2024-09-08 02:28:53 +0000"
    },
    "done": true
  },
  "pfm:recipes/pfm.furniture/pink_simple_sofa": {
    "criteria": {
      "has_wool": "2024-09-09 00:34:28 +0000"
    },
    "done": true
  },
  "minecraft:recipes/decorations/barrel": {
    "criteria": {
      "has_planks": "2024-09-09 00:44:54 +0000"
    },
    "done": true
  },
  "pfm:recipes/pfm.furniture/rosewood_atmospheric_brown_simple_bed": {
    "criteria": {
      "has_bed": "2024-09-09 02:05:01 +0000"
    },
    "done": true
  },
  "pfm:recipes/pfm.furniture/acacia_simple_stool": {
    "criteria": {
      "has_planks": "2024-09-09 00:44:54 +0000"
    },
    "done": true
  },
  "minecraft:recipes/brewing/fermented_spider_eye": {
    "criteria": {
      "has_spider_eye": "2024-09-09 01:15:03 +0000"
    },
    "done": true
  },
  "pfm:recipes/pfm.furniture/kousa_atmospheric_white_classic_bed": {
    "criteria": {
      "has_bed": "2024-09-09 01:20:13 +0000"
    },
    "done": true
  },
  "pfm:recipes/pfm.furniture/kousa_atmospheric_red_simple_bed": {
    "criteria": {
      "has_bed": "2024-09-09 01:38:46 +0000"
    },
    "done": true
  },
  "minecraft:recipes/decorations/smithing_table": {
    "criteria": {
      "has_iron_ingot": "2024-09-09 00:47:36 +0000"
    },
    "done": true
  },
  "pfm:recipes/pfm.furniture/oak_table_basic": {
    "criteria": {
      "has_planks": "2024-09-09 01:55:18 +0000"
    },
    "done": true
  },
  "minecraft:recipes/combat/leather_boots": {
    "criteria": {
      "has_leather": "2024-09-09 01:10:29 +0000"
    },
    "done": true
  },
  "pfm:recipes/pfm.furniture/aspen_atmospheric_white_classic_bed": {
    "criteria": {
      "has_bed": "2024-09-09 01:20:13 +0000"
    },
    "done": true
  },
  "pfm:recipes/pfm.furniture/yellow_arm_chair": {
    "criteria": {
      "has_wool": "2024-09-09 00:34:28 +0000"
    },
    "done": true
  },
  "pfm:recipes/pfm.furniture/jungle_red_simple_bed": {
    "criteria": {
      "has_bed": "2024-09-09 01:38:47 +0000"
    },
    "done": true
  },
  "pfm:recipes/pfm.furniture/oak_chair_classic_white": {
    "criteria": {
      "oak_chair_classic_white": "2024-09-08 02:35:23 +0000"
    },
    "done": true
  },
  "minecraft:recipes/building_blocks/diamond_block": {
    "criteria": {
      "has_diamond": "2024-09-09 00:44:44 +0000"
    },
    "done": true
  },
  "pfm:recipes/pfm.furniture/crimson_orange_simple_bed": {
    "criteria": {
      "has_bed": "2024-09-09 00:43:41 +0000"
    },
    "done": true
  },
  "minecraft:recipes/decorations/acacia_sign": {
    "criteria": {
      "has_acacia_planks": "2024-09-09 00:44:54 +0000"
    },
    "done": true
  },
  "dungeons_arise:wda_root": {
    "criteria": {
      "WDA": "2024-09-08 01:08:17 +0000"
    },
    "done": true
  },
  "pfm:recipes/root": {
    "criteria": {
      "has_planks": "2024-09-09 00:44:54 +0000"
    },
    "done": true
  },
  "securitycraft:recipes/securitycraft/universal_owner_changer": {
    "criteria": {
      "has_name_tag": "2024-09-09 01:10:13 +0000"
    },
    "done": true
  },
  "pfm:recipes/pfm.furniture/jungle_orange_classic_bed": {
    "criteria": {
      "has_bed": "2024-09-09 00:43:41 +0000"
    },
    "done": true
  },
  "pfm:recipes/pfm.furniture/oak_kitchen_wall_small_drawer": {
    "criteria": {
      "has_planks": "2024-09-09 01:55:18 +0000"
    },
    "done": true
  },
  "minecraft:recipes/decorations/lantern": {
    "criteria": {
      "has_iron_ingot": "2024-09-09 00:47:36 +0000"
    },
    "done": true
  },
  "securitycraft:recipes/securitycraft/reinforced_oak_fence_gate": {
    "criteria": {
      "has_stick": "2024-09-08 02:28:53 +0000"
    },
    "done": true
  },
  "pfm:recipes/pfm.furniture/brown_simple_sofa": {
    "criteria": {
      "has_wool": "2024-09-09 00:34:28 +0000"
    },
    "done": true
  },
  "pfm:recipes/pfm.furniture/oak_table_modern_dinner": {
    "criteria": {
      "has_planks": "2024-09-09 01:55:18 +0000"
    },
    "done": true
  },
  "atmospheric:adventure/dunes_pricks": {
    "criteria": {
      "aloe_vera": "2024-09-08 02:51:41 +0000",
      "yucca_flower": "2024-09-08 02:52:25 +0000",
      "barrel_cactus": "2024-09-08 03:04:55 +0000"
    },
    "done": false
  },
  "pfm:recipes/pfm.furniture/yucca_atmospheric_brown_classic_bed": {
    "criteria": {
      "has_bed": "2024-09-09 02:05:01 +0000"
    },
    "done": true
  },
  "minecraft:recipes/misc/gold_nugget_from_smelting": {
    "criteria": {
      "has_golden_chestplate": "2024-09-08 01:37:21 +0000"
    },
    "done": true
  },
  "minecraft:recipes/building_blocks/light_gray_wool": {
    "criteria": {
      "has_white_wool": "2024-09-08 02:35:23 +0000"
    },
    "done": true
  },
  "minecraft:recipes/decorations/red_bed_from_white_bed": {
    "criteria": {
      "has_bed": "2024-09-09 01:20:13 +0000"
    },
    "done": true
  },
  "minecraft:recipes/building_blocks/red_wool": {
    "criteria": {
      "has_white_wool": "2024-09-08 02:35:23 +0000"
    },
    "done": true
  },
  "minecraft:recipes/misc/light_gray_dye_from_oxeye_daisy": {
    "criteria": {
      "has_red_flower": "2024-09-09 00:36:13 +0000"
    },
    "done": true
  },
  "minecraft:recipes/building_blocks/acacia_stairs": {
    "criteria": {
      "has_planks": "2024-09-09 00:44:54 +0000"
    },
    "done": true
  },
  "minecraft:recipes/food/cooked_mutton": {
    "criteria": {
      "has_mutton": "2024-09-08 02:29:15 +0000"
    },
    "done": true
  },
  "securitycraft:recipes/securitycraft/disguise_module": {
    "criteria": {
      "has_iron": "2024-09-09 00:47:36 +0000"
    },
    "done": true
  },
  "pfm:recipes/pfm.furniture/acacia_brown_classic_bed": {
    "criteria": {
      "has_bed": "2024-09-09 02:05:01 +0000"
    },
    "done": true
  },
  "minecraft:recipes/decorations/soul_torch": {
    "criteria": {
      "has_soul_sand": "2024-09-08 01:31:48 +0000"
    },
    "done": true
  },
  "pfm:recipes/pfm.furniture/acacia_classic_stool": {
    "criteria": {
      "has_planks": "2024-09-09 00:44:54 +0000"
    },
    "done": true
  },
  "securitycraft:recipes/securitycraft/reinforced_dark_oak_fence": {
    "criteria": {
      "has_stick": "2024-09-08 02:28:53 +0000"
    },
    "done": true
  },
  "pfm:recipes/pfm.furniture/light_blue_arm_chair": {
    "criteria": {
      "has_wool": "2024-09-09 00:34:28 +0000"
    },
    "done": true
  },
  "farmersdelight:recipes/farmersdelight/wheat_dough_from_eggs": {
    "criteria": {
      "has_wheat": "2024-09-08 02:27:33 +0000"
    },
    "done": true
  },
  "alexsmobs:alexsmobs/emu": {
    "criteria": {
      "killed_by": "2024-09-08 01:30:07 +0000"
    },
    "done": true
  },
  "minecraft:recipes/building_blocks/purple_wool": {
    "criteria": {
      "has_white_wool": "2024-09-08 02:35:23 +0000"
    },
    "done": true
  },
  "pfm:recipes/pfm.furniture/magenta_arm_chair": {
    "criteria": {
      "has_wool": "2024-09-09 00:34:28 +0000"
    },
    "done": true
  },
  "minecraft:recipes/building_blocks/magenta_concrete_powder": {
    "criteria": {
      "has_sand": "2024-09-08 01:27:33 +0000"
    },
    "done": true
  },
  "minecraft:recipes/decorations/white_bed": {
    "criteria": {
      "has_white_wool": "2024-09-08 02:35:23 +0000"
    },
    "done": true
  },
  "securitycraft:recipes/securitycraft/reinforced_spruce_fence": {
    "criteria": {
      "has_stick": "2024-09-08 02:28:53 +0000"
    },
    "done": true
  },
  "pfm:recipes/pfm.furniture/morado_atmospheric_red_classic_bed": {
    "criteria": {
      "has_bed": "2024-09-09 01:38:46 +0000"
    },
    "done": true
  },
  "pfm:recipes/pfm.furniture/dark_oak_brown_classic_bed": {
    "criteria": {
      "has_bed": "2024-09-09 02:05:01 +0000"
    },
    "done": true
  },
  "minecraft:recipes/decorations/campfire": {
    "criteria": {
      "has_stick": "2024-09-08 02:28:53 +0000"
    },
    "done": true
  },
  "minecraft:recipes/tools/golden_hoe": {
    "criteria": {
      "has_gold_ingot": "2024-09-08 01:49:35 +0000"
    },
    "done": true
  },
  "minecraft:recipes/food/bread": {
    "criteria": {
      "has_wheat": "2024-09-08 02:27:33 +0000"
    },
    "done": true
  },
  "minecraft:recipes/misc/iron_nugget": {
    "criteria": {
      "has_iron_ingot": "2024-09-09 00:47:36 +0000"
    },
    "done": true
  },
  "minecraft:recipes/building_blocks/brown_concrete_powder": {
    "criteria": {
      "has_sand": "2024-09-08 01:27:33 +0000"
    },
    "done": true
  },
  "pfm:recipes/pfm.furniture/birch_brown_classic_bed": {
    "criteria": {
      "has_bed": "2024-09-09 02:05:01 +0000"
    },
    "done": true
  },
  "minecraft:recipes/decorations/black_bed_from_white_bed": {
    "criteria": {
      "has_bed": "2024-09-09 01:20:12 +0000"
    },
    "done": true
  },
  "securitycraft:recipes/securitycraft/track_mine": {
    "criteria": {
      "has_iron": "2024-09-09 00:47:36 +0000"
    },
    "done": true
  },
  "pfm:recipes/pfm.furniture/purple_simple_sofa": {
    "criteria": {
      "has_wool": "2024-09-09 00:34:28 +0000"
    },
    "done": true
  },
  "minecraft:recipes/combat/diamond_sword": {
    "criteria": {
      "has_diamond": "2024-09-09 00:44:44 +0000"
    },
    "done": true
  },
  "minecraft:recipes/building_blocks/cyan_wool": {
    "criteria": {
      "has_white_wool": "2024-09-08 02:35:23 +0000"
    },
    "done": true
  },
  "valhelsia_structures:recipes/valhelsia_structures_main/bone_pile": {
    "criteria": {
      "has_item": "2024-09-08 01:32:06 +0000"
    },
    "done": true
  },
  "pfm:recipes/pfm.furniture/iron_microwave": {
    "criteria": {
      "has_iron_ingot": "2024-09-09 00:47:36 +0000"
    },
    "done": true
  },
  "minecraft:recipes/transportation/spruce_boat": {
    "criteria": {
      "in_water": "2024-09-08 01:20:09 +0000"
    },
    "done": true
  },
  "securitycraft:recipes/securitycraft/reinforced_oak_fence": {
    "criteria": {
      "has_stick": "2024-09-08 02:28:53 +0000"
    },
    "done": true
  },
  "minecraft:recipes/decorations/jukebox": {
    "criteria": {
      "has_diamond": "2024-09-09 00:44:44 +0000"
    },
    "done": true
  },
  "securitycraft:recipes/securitycraft/blacklist_module": {
    "criteria": {
      "has_iron": "2024-09-09 00:47:36 +0000"
    },
    "done": true
  },
  "minecraft:recipes/tools/flint_and_steel": {
    "criteria": {
      "has_flint": "2024-09-08 01:37:21 +0000"
    },
    "done": true
  },
  "pfm:recipes/pfm.furniture/oak_chair_classic_black": {
    "criteria": {
      "oak_chair_classic_black": "2024-09-08 02:29:15 +0000"
    },
    "done": true
  },
  "securitycraft:recipes/securitycraft/speed_module": {
    "criteria": {
      "has_iron": "2024-09-09 00:47:36 +0000"
    },
    "done": true
  },
  "pfm:recipes/pfm.furniture/spruce_orange_classic_bed": {
    "criteria": {
      "has_bed": "2024-09-09 00:43:41 +0000"
    },
    "done": true
  },
  "pfm:recipes/pfm.furniture/jungle_red_classic_bed": {
    "criteria": {
      "has_bed": "2024-09-09 01:38:47 +0000"
    },
    "done": true
  },
  "securitycraft:recipes/securitycraft/harming_module": {
    "criteria": {
      "has_iron": "2024-09-09 00:47:36 +0000"
    },
    "done": true
  },
  "pfm:recipes/pfm.furniture/acacia_kitchen_sink": {
    "criteria": {
      "has_planks": "2024-09-09 00:44:54 +0000"
    },
    "done": true
  },
  "minecraft:recipes/building_blocks/gray_wool": {
    "criteria": {
      "has_white_wool": "2024-09-08 02:35:23 +0000"
    },
    "done": true
  },
  "alexsmobs:alexsmobs/kangaroo": {
    "criteria": {
      "killed_by": "2024-09-08 01:33:35 +0000"
    },
    "done": true
  },
  "pfm:recipes/pfm.furniture/oak_kitchen_wall_drawer": {
    "criteria": {
      "has_planks": "2024-09-09 01:55:18 +0000"
    },
    "done": true
  },
  "minecraft:recipes/misc/gold_nugget": {
    "criteria": {
      "has_gold_ingot": "2024-09-08 01:49:35 +0000"
    },
    "done": true
  },
  "pfm:recipes/pfm.furniture/warped_brown_classic_bed": {
    "criteria": {
      "has_bed": "2024-09-09 02:05:01 +0000"
    },
    "done": true
  },
  "minecraft:recipes/tools/wooden_hoe": {
    "criteria": {
      "has_stick": "2024-09-08 02:28:53 +0000"
    },
    "done": true
  },
  "minecraft:recipes/misc/bucket": {
    "criteria": {
      "has_iron_ingot": "2024-09-09 00:47:36 +0000"
    },
    "done": true
  },
  "pfm:recipes/pfm.furniture/kousa_atmospheric_orange_classic_bed": {
    "criteria": {
      "has_bed": "2024-09-09 00:43:41 +0000"
    },
    "done": true
  },
  "pfm:recipes/pfm.furniture/acacia_white_classic_bed": {
    "criteria": {
      "has_bed": "2024-09-09 01:20:13 +0000"
    },
    "done": true
  },
  "minecraft:recipes/decorations/yellow_bed_from_white_bed": {
    "criteria": {
      "has_bed": "2024-09-09 01:20:13 +0000"
    },
    "done": true
  },
  "pfm:recipes/pfm.furniture/aspen_atmospheric_red_classic_bed": {
    "criteria": {
      "has_bed": "2024-09-09 01:38:46 +0000"
    },
    "done": true
  },
  "alexsmobs:alexsmobs/rattlesnake": {
    "criteria": {
      "killed_by": "2024-09-08 02:44:55 +0000"
    },
    "done": true
  },
  "pfm:recipes/pfm.furniture/birch_white_classic_bed": {
    "criteria": {
      "has_bed": "2024-09-09 01:20:13 +0000"
    },
    "done": true
  },
  "pfm:recipes/pfm.furniture/cyan_simple_sofa": {
    "criteria": {
      "has_wool": "2024-09-09 00:34:28 +0000"
    },
    "done": true
  },
  "securitycraft:recipes/securitycraft/redstone_module": {
    "criteria": {
      "has_iron": "2024-09-09 00:47:36 +0000"
    },
    "done": true
  },
  "minecraft:recipes/decorations/white_banner": {
    "criteria": {
      "has_white_wool": "2024-09-08 02:35:23 +0000"
    },
    "done": true
  },
  "minecraft:recipes/building_blocks/light_blue_concrete_powder": {
    "criteria": {
      "has_sand": "2024-09-08 01:27:33 +0000"
    },
    "done": true
  },
  "pfm:recipes/pfm.furniture/dark_oak_brown_simple_bed": {
    "criteria": {
      "has_bed": "2024-09-09 02:05:01 +0000"
    },
    "done": true
  },
  "pfm:recipes/pfm.furniture/white_simple_sofa": {
    "criteria": {
      "has_wool": "2024-09-09 00:34:28 +0000"
    },
    "done": true
  },
  "minecraft:recipes/building_blocks/hay_block": {
    "criteria": {
      "has_wheat": "2024-09-08 02:27:33 +0000"
    },
    "done": true
  },
  "minecraft:recipes/misc/leather_horse_armor": {
    "criteria": {
      "has_leather": "2024-09-09 01:10:29 +0000"
    },
    "done": true
  },
  "minecraft:recipes/building_blocks/glass": {
    "criteria": {
      "has_sand": "2024-09-08 01:27:33 +0000"
    },
    "done": true
  },
  "minecraft:recipes/tools/golden_shovel": {
    "criteria": {
      "has_gold_ingot": "2024-09-08 01:49:35 +0000"
    },
    "done": true
  },
  "minecraft:recipes/combat/iron_helmet": {
    "criteria": {
      "has_iron_ingot": "2024-09-09 00:47:36 +0000"
    },
    "done": true
  },
  "minecraft:recipes/combat/bow": {
    "criteria": {
      "has_string": "2024-09-09 01:15:03 +0000"
    },
    "done": true
  },
  "minecraft:recipes/redstone/tnt": {
    "criteria": {
      "has_gunpowder": "2024-09-09 01:10:13 +0000"
    },
    "done": true
  },
  "pfm:recipes/pfm.furniture/oak_classic_nightstand": {
    "criteria": {
      "has_planks": "2024-09-09 01:55:18 +0000"
    },
    "done": true
  },
  "minecraft:recipes/redstone/oak_fence_gate": {
    "criteria": {
      "has_planks": "2024-09-09 01:55:18 +0000"
    },
    "done": true
  },
  "minecraft:recipes/building_blocks/acacia_slab": {
    "criteria": {
      "has_planks": "2024-09-09 00:44:54 +0000"
    },
    "done": true
  },
  "pfm:recipes/pfm.furniture/oak_raw_table_log": {
    "criteria": {
      "has_log": "2024-09-09 00:34:28 +0000"
    },
    "done": true
  },
  "minecraft:recipes/building_blocks/purple_concrete_powder": {
    "criteria": {
      "has_sand": "2024-09-08 01:27:33 +0000"
    },
    "done": true
  },
  "dungeons_arise:find_illager_windmill": {
    "criteria": {
      "location0": "2024-09-08 01:52:03 +0000"
    },
    "done": true
  },
  "minecraft:recipes/decorations/orange_bed_from_white_bed": {
    "criteria": {
      "has_bed": "2024-09-09 01:20:13 +0000"
    },
    "done": true
  },
  "pfm:recipes/pfm.furniture/crimson_red_simple_bed": {
    "criteria": {
      "has_bed": "2024-09-09 01:38:47 +0000"
    },
    "done": true
  },
  "securitycraft:recipes/securitycraft/reinforced_birch_fence_gate": {
    "criteria": {
      "has_stick": "2024-09-08 02:28:53 +0000"
    },
    "done": true
  },
  "minecraft:recipes/combat/diamond_chestplate": {
    "criteria": {
      "has_diamond": "2024-09-09 00:44:44 +0000"
    },
    "done": true
  },
  "pfm:recipes/pfm.furniture/crimson_white_simple_bed": {
    "criteria": {
      "has_bed": "2024-09-09 01:20:13 +0000"
    },
    "done": true
  },
  "pfm:recipes/pfm.furniture/magenta_simple_sofa": {
    "criteria": {
      "has_wool": "2024-09-09 00:34:28 +0000"
    },
    "done": true
  },
  "pfm:recipes/pfm.furniture/spruce_orange_simple_bed": {
    "criteria": {
      "has_bed": "2024-09-09 00:43:41 +0000"
    },
    "done": true
  },
  "minecraft:recipes/transportation/minecart": {
    "criteria": {
      "has_iron_ingot": "2024-09-09 00:47:36 +0000"
    },
    "done": true
  },
  "securitycraft:recipes/securitycraft/reinforced_acacia_fence_gate": {
    "criteria": {
      "has_stick": "2024-09-08 02:28:53 +0000"
    },
    "done": true
  },
  "alexsmobs:alexsmobs/grizzly_bear": {
    "criteria": {
      "killed_by": "2024-09-09 00:50:15 +0000"
    },
    "done": true
  },
  "minecraft:recipes/misc/charcoal": {
    "criteria": {
      "has_log": "2024-09-09 00:34:28 +0000"
    },
    "done": true
  },
  "minecraft:recipes/building_blocks/orange_wool": {
    "criteria": {
      "has_white_wool": "2024-09-08 02:35:23 +0000"
    },
    "done": true
  },
  "minecraft:recipes/tools/wooden_pickaxe": {
    "criteria": {
      "has_stick": "2024-09-08 02:28:53 +0000"
    },
    "done": true
  },
  "pfm:recipes/pfm.furniture/black_shower_towel": {
    "criteria": {
      "has_black_wool": "2024-09-08 02:29:15 +0000"
    },
    "done": true
  },
  "minecraft:recipes/tools/iron_hoe": {
    "criteria": {
      "has_iron_ingot": "2024-09-09 00:47:36 +0000"
    },
    "done": true
  },
  "minecraft:recipes/decorations/cyan_carpet": {
    "criteria": {
      "has_cyan_wool": "2024-09-09 02:04:24 +0000"
    },
    "done": true
  },
  "minecraft:husbandry/root": {
    "criteria": {
      "consumed_item": "2024-09-08 02:58:30 +0000"
    },
    "done": true
  },
  "pfm:recipes/pfm.furniture/black_arm_chair": {
    "criteria": {
      "has_wool": "2024-09-09 00:34:28 +0000"
    },
    "done": true
  },
  "minecraft:recipes/transportation/birch_boat": {
    "criteria": {
      "in_water": "2024-09-08 01:20:09 +0000"
    },
    "done": true
  },
  "pfm:recipes/pfm.furniture/orange_arm_chair": {
    "criteria": {
      "has_wool": "2024-09-09 00:34:28 +0000"
    },
    "done": true
  },
  "minecraft:recipes/food/golden_apple": {
    "criteria": {
      "has_gold_ingot": "2024-09-08 01:49:35 +0000"
    },
    "done": true
  },
  "securitycraft:recipes/securitycraft/sonic_security_system": {
    "criteria": {
      "has_stick": "2024-09-08 02:28:53 +0000"
    },
    "done": true
  },
  "pfm:recipes/pfm.furniture/light_blue_simple_sofa": {
    "criteria": {
      "has_wool": "2024-09-09 00:34:28 +0000"
    },
    "done": true
  },
  "minecraft:recipes/building_blocks/green_concrete_powder": {
    "criteria": {
      "has_sand": "2024-09-08 01:27:33 +0000"
    },
    "done": true
  },
  "minecraft:recipes/tools/iron_shovel": {
    "criteria": {
      "has_iron_ingot": "2024-09-09 00:47:36 +0000"
    },
    "done": true
  },
  "pfm:recipes/pfm.furniture/birch_white_simple_bed": {
    "criteria": {
      "has_bed": "2024-09-09 01:20:13 +0000"
    },
    "done": true
  },
  "pfm:recipes/pfm.furniture/acacia_red_classic_bed": {
    "criteria": {
      "has_bed": "2024-09-09 01:38:46 +0000"
    },
    "done": true
  },
  "minecraft:recipes/redstone/acacia_door": {
    "criteria": {
      "has_planks": "2024-09-09 00:44:54 +0000"
    },
    "done": true
  },
  "pfm:recipes/pfm.furniture/warped_white_classic_bed": {
    "criteria": {
      "has_bed": "2024-09-09 01:20:13 +0000"
    },
    "done": true
  },
  "minecraft:recipes/decorations/cyan_bed_from_white_bed": {
    "criteria": {
      "has_bed": "2024-09-09 01:20:13 +0000"
    },
    "done": true
  },
  "pfm:recipes/pfm.furniture/dark_oak_red_classic_bed": {
    "criteria": {
      "has_bed": "2024-09-09 01:38:46 +0000"
    },
    "done": true
  },
  "pfm:recipes/pfm.furniture/light_gray_arm_chair": {
    "criteria": {
      "has_wool": "2024-09-09 00:34:28 +0000"
    },
    "done": true
  },
  "pfm:recipes/pfm.furniture/morado_atmospheric_orange_classic_bed": {
    "criteria": {
      "has_bed": "2024-09-09 00:43:41 +0000"
    },
    "done": true
  },
  "farmersdelight:main/root": {
    "criteria": {
      "seeds": "2024-09-08 01:08:17 +0000"
    },
    "done": true
  },
  "minecraft:recipes/decorations/item_frame": {
    "criteria": {
      "has_leather": "2024-09-09 01:10:29 +0000"
    },
    "done": true
  },
  "minecraft:recipes/decorations/lime_bed_from_white_bed": {
    "criteria": {
      "has_bed": "2024-09-09 01:20:12 +0000"
    },
    "done": true
  },
  "minecraft:recipes/tools/diamond_hoe": {
    "criteria": {
      "has_diamond": "2024-09-09 00:44:44 +0000"
    },
    "done": true
  },
  "pfm:recipes/pfm.furniture/birch_orange_simple_bed": {
    "criteria": {
      "has_bed": "2024-09-09 00:43:41 +0000"
    },
    "done": true
  },
  "minecraft:recipes/tools/diamond_shovel": {
    "criteria": {
      "has_diamond": "2024-09-09 00:44:44 +0000"
    },
    "done": true
  },
  "minecraft:recipes/decorations/green_bed_from_white_bed": {
    "criteria": {
      "has_bed": "2024-09-09 01:20:13 +0000"
    },
    "done": true
  },
  "farmersdelight:recipes/farmersdelight/wheat_dough_from_water": {
    "criteria": {
      "has_wheat": "2024-09-08 02:27:33 +0000"
    },
    "done": true
  },
  "minecraft:recipes/decorations/white_carpet": {
    "criteria": {
      "has_white_wool": "2024-09-08 02:35:23 +0000"
    },
    "done": true
  },
  "dungeons_arise:find_merchant_campsite": {
    "criteria": {
      "location0": "2024-09-09 02:03:28 +0000"
    },
    "done": true
  },
  "pfm:recipes/pfm.furniture/birch_red_classic_bed": {
    "criteria": {
      "has_bed": "2024-09-09 01:38:46 +0000"
    },
    "done": true
  },
  "pfm:recipes/pfm.furniture/oak_kitchen_wall_counter": {
    "criteria": {
      "has_planks": "2024-09-09 01:55:18 +0000"
    },
    "done": true
  },
  "minecraft:recipes/decorations/slime_block": {
    "criteria": {
      "has_slime_ball": "2024-09-09 02:04:15 +0000"
    },
    "done": true
  },
  "minecraft:story/mine_diamond": {
    "criteria": {
      "diamond": "2024-09-09 00:44:44 +0000"
    },
    "done": true
  },
  "pfm:recipes/pfm.furniture/arm_chair_leather": {
    "criteria": {
      "has_wool": "2024-09-09 00:34:28 +0000"
    },
    "done": true
  },
  "minecraft:recipes/combat/diamond_helmet": {
    "criteria": {
      "has_diamond": "2024-09-09 00:44:44 +0000"
    },
    "done": true
  },
  "pfm:recipes/pfm.furniture/oak_table_log": {
    "criteria": {
      "has_log": "2024-09-09 01:55:18 +0000"
    },
    "done": true
  },
  "minecraft:recipes/transportation/oak_boat": {
    "criteria": {
      "in_water": "2024-09-08 01:20:09 +0000"
    },
    "done": true
  },
  "pfm:recipes/pfm.furniture/oak_chair_classic_gray": {
    "criteria": {
      "oak_chair_classic_gray": "2024-09-08 02:33:20 +0000"
    },
    "done": true
  },
  "pfm:recipes/pfm.furniture/yellow_simple_sofa": {
    "criteria": {
      "has_wool": "2024-09-09 00:34:28 +0000"
    },
    "done": true
  },
  "pfm:recipes/pfm.furniture/cyan_shower_towel": {
    "criteria": {
      "has_cyan_wool": "2024-09-09 02:04:24 +0000"
    },
    "done": true
  },
  "pfm:recipes/pfm.furniture/oak_brown_simple_bed": {
    "criteria": {
      "has_bed": "2024-09-09 02:05:01 +0000"
    },
    "done": true
  },
  "minecraft:recipes/decorations/blue_bed_from_white_bed": {
    "criteria": {
      "has_bed": "2024-09-09 01:20:13 +0000"
    },
    "done": true
  },
  "minecraft:recipes/building_blocks/cyan_concrete_powder": {
    "criteria": {
      "has_sand": "2024-09-08 01:27:33 +0000"
    },
    "done": true
  },
  "minecraft:recipes/combat/golden_boots": {
    "criteria": {
      "has_gold_ingot": "2024-09-08 01:49:35 +0000"
    },
    "done": true
  },
  "pfm:recipes/pfm.furniture/crimson_brown_simple_bed": {
    "criteria": {
      "has_bed": "2024-09-09 02:05:01 +0000"
    },
    "done": true
  },
  "minecraft:recipes/tools/wooden_axe": {
    "criteria": {
      "has_stick": "2024-09-08 02:28:53 +0000"
    },
    "done": true
  },
  "minecraft:recipes/building_blocks/lime_wool": {
    "criteria": {
      "has_white_wool": "2024-09-08 02:35:23 +0000"
    },
    "done": true
  },
  "securitycraft:recipes/securitycraft/keycard_lv2": {
    "criteria": {
      "has_iron": "2024-09-09 00:47:36 +0000"
    },
    "done": true
  },
  "securitycraft:recipes/securitycraft/keycard_lv1": {
    "criteria": {
      "has_iron": "2024-09-09 00:47:36 +0000"
    },
    "done": true
  },
  "pfm:recipes/pfm.furniture/white_arm_chair": {
    "criteria": {
      "has_wool": "2024-09-09 00:34:28 +0000"
    },
    "done": true
  },
  "pfm:recipes/pfm.furniture/blue_arm_chair": {
    "criteria": {
      "has_wool": "2024-09-09 00:34:28 +0000"
    },
    "done": true
  },
  "pfm:recipes/pfm.furniture/oak_white_simple_bed": {
    "criteria": {
      "has_bed": "2024-09-09 01:20:13 +0000"
    },
    "done": true
  },
  "minecraft:recipes/decorations/loom": {
    "criteria": {
      "has_string": "2024-09-09 01:15:03 +0000"
    },
    "done": true
  },
  "minecraft:recipes/building_blocks/green_wool": {
    "criteria": {
      "has_white_wool": "2024-09-08 02:35:23 +0000"
    },
    "done": true
  },
  "securitycraft:recipes/securitycraft/bouncing_betty": {
    "criteria": {
      "has_iron": "2024-09-09 00:47:36 +0000"
    },
    "done": true
  },
  "minecraft:recipes/tools/diamond_axe": {
    "criteria": {
      "has_diamond": "2024-09-09 00:44:44 +0000"
    },
    "done": true
  },
  "farmersdelight:recipes/farmersdelight/horse_feed": {
    "criteria": {
      "has_golden_carrot": "2024-09-08 01:32:06 +0000"
    },
    "done": true
  },
  "minecraft:recipes/building_blocks/brown_wool": {
    "criteria": {
      "has_white_wool": "2024-09-08 02:35:23 +0000"
    },
    "done": true
  },
  "pfm:recipes/pfm.furniture/red_arm_chair": {
    "criteria": {
      "has_wool": "2024-09-09 00:34:28 +0000"
    },
    "done": true
  },
  "minecraft:recipes/decorations/painting": {
    "criteria": {
      "has_wool": "2024-09-08 02:29:15 +0000"
    },
    "done": true
  },
  "alexsmobs:alexsmobs/guster": {
    "criteria": {
      "killed_by": "2024-09-08 01:27:10 +0000"
    },
    "done": true
  },
  "pfm:recipes/pfm.furniture/oak_kitchen_drawer": {
    "criteria": {
      "has_planks": "2024-09-09 01:55:18 +0000"
    },
    "done": true
  },
  "pfm:recipes/pfm.furniture/rosewood_atmospheric_orange_classic_bed": {
    "criteria": {
      "has_bed": "2024-09-09 00:43:41 +0000"
    },
    "done": true
  },
  "securitycraft:recipes/securitycraft/sc_manual": {
    "criteria": {
      "has_wood": "2024-09-09 00:34:28 +0000"
    },
    "done": true
  },
  "securitycraft:recipes/securitycraft/keycard_lv4": {
    "criteria": {
      "has_iron": "2024-09-09 00:47:36 +0000"
    },
    "done": true
  },
  "securitycraft:recipes/securitycraft/keycard_lv3": {
    "criteria": {
      "has_iron": "2024-09-09 00:47:36 +0000"
    },
    "done": true
  },
  "pfm:recipes/pfm.furniture/yucca_atmospheric_red_simple_bed": {
    "criteria": {
      "has_bed": "2024-09-09 01:38:47 +0000"
    },
    "done": true
  },
  "pfm:recipes/pfm.furniture/acacia_kitchen_counter_oven": {
    "criteria": {
      "has_planks": "2024-09-09 00:44:54 +0000"
    },
    "done": true
  },
  "minecraft:recipes/combat/arrow": {
    "criteria": {
      "has_flint": "2024-09-08 01:37:21 +0000"
    },
    "done": true
  },
  "minecraft:recipes/decorations/black_carpet": {
    "criteria": {
      "has_black_wool": "2024-09-08 02:29:15 +0000"
    },
    "done": true
  },
  "minecraft:recipes/redstone/acacia_fence_gate": {
    "criteria": {
      "has_planks": "2024-09-09 00:44:54 +0000"
    },
    "done": true
  },
  "securitycraft:recipes/securitycraft/keycard_lv5": {
    "criteria": {
      "has_iron": "2024-09-09 00:47:36 +0000"
    },
    "done": true
  },
  "minecraft:recipes/building_blocks/coal_block": {
    "criteria": {
      "has_coal": "2024-09-09 01:10:13 +0000"
    },
    "done": true
  },
  "minecraft:recipes/redstone/light_weighted_pressure_plate": {
    "criteria": {
      "has_gold_ingot": "2024-09-08 01:49:35 +0000"
    },
    "done": true
  },
  "minecraft:recipes/misc/gold_nugget_from_blasting": {
    "criteria": {
      "has_golden_chestplate": "2024-09-08 01:37:21 +0000"
    },
    "done": true
  },
  "farmersdelight:main/get_fd_seed": {
    "criteria": {
      "onion": "2024-09-08 02:33:42 +0000"
    },
    "done": true
  },
  "minecraft:recipes/building_blocks/blue_concrete_powder": {
    "criteria": {
      "has_sand": "2024-09-08 01:27:33 +0000"
    },
    "done": true
  },
  "securitycraft:recipes/securitycraft/reinforced_jungle_fence_gate": {
    "criteria": {
      "has_stick": "2024-09-08 02:28:53 +0000"
    },
    "done": true
  },
  "pfm:recipes/pfm.furniture/yucca_atmospheric_red_classic_bed": {
    "criteria": {
      "has_bed": "2024-09-09 01:38:46 +0000"
    },
    "done": true
  },
  "pfm:recipes/pfm.furniture/oak_brown_classic_bed": {
    "criteria": {
      "has_bed": "2024-09-09 02:05:01 +0000"
    },
    "done": true
  },
  "pfm:recipes/pfm.furniture/oak_red_simple_bed": {
    "criteria": {
      "has_bed": "2024-09-09 01:38:47 +0000"
    },
    "done": true
  },
  "pfm:recipes/pfm.furniture/green_simple_sofa": {
    "criteria": {
      "has_wool": "2024-09-09 00:34:28 +0000"
    },
    "done": true
  },
  "valhelsia_structures:recipes/valhelsia_structures_main/oak_post": {
    "criteria": {
      "has_item": "2024-09-09 00:34:28 +0000"
    },
    "done": true
  },
  "pfm:recipes/pfm.furniture/birch_brown_simple_bed": {
    "criteria": {
      "has_bed": "2024-09-09 02:05:01 +0000"
    },
    "done": true
  },
  "minecraft:recipes/combat/golden_helmet": {
    "criteria": {
      "has_gold_ingot": "2024-09-08 01:49:35 +0000"
    },
    "done": true
  },
  "securitycraft:recipes/securitycraft/floor_trap": {
    "criteria": {
      "has_iron": "2024-09-09 00:47:36 +0000"
    },
    "done": true
  },
  "minecraft:recipes/redstone/acacia_trapdoor": {
    "criteria": {
      "has_planks": "2024-09-09 00:44:54 +0000"
    },
    "done": true
  },
  "minecraft:recipes/tools/lead": {
    "criteria": {
      "has_slime_ball": "2024-09-09 02:04:15 +0000"
    },
    "done": true
  },
  "minecraft:recipes/redstone/oak_pressure_plate": {
    "criteria": {
      "has_planks": "2024-09-09 01:55:18 +0000"
    },
    "done": true
  },
  "pfm:recipes/pfm.furniture/warped_orange_classic_bed": {
    "criteria": {
      "has_bed": "2024-09-09 00:43:41 +0000"
    },
    "done": true
  },
  "pfm:recipes/pfm.furniture/grimwood_atmospheric_brown_classic_bed": {
    "criteria": {
      "has_bed": "2024-09-09 02:05:01 +0000"
    },
    "done": true
  },
  "pfm:recipes/pfm.furniture/grimwood_atmospheric_orange_classic_bed": {
    "criteria": {
      "has_bed": "2024-09-09 00:43:41 +0000"
    },
    "done": true
  },
  "minecraft:recipes/building_blocks/oak_wood": {
    "criteria": {
      "has_log": "2024-09-09 00:34:28 +0000"
    },
    "done": true
  },
  "minecraft:story/root": {
    "criteria": {
      "crafting_table": "2024-09-09 01:55:18 +0000"
    },
    "done": true
  },
  "pfm:recipes/pfm.furniture/grimwood_atmospheric_red_simple_bed": {
    "criteria": {
      "has_bed": "2024-09-09 01:38:46 +0000"
    },
    "done": true
  },
  "pfm:recipes/pfm.furniture/oak_table_dinner": {
    "criteria": {
      "has_planks": "2024-09-09 01:55:18 +0000"
    },
    "done": true
  },
  "pfm:grant_book_on_first_join": {
    "criteria": {
      "tick": "2024-09-08 01:08:17 +0000"
    },
    "done": true
  },
  "minecraft:recipes/combat/leather_chestplate": {
    "criteria": {
      "has_leather": "2024-09-09 01:10:29 +0000"
    },
    "done": true
  },
  "valhelsia_structures:recipes/valhelsia_structures_main/bone_pile_block": {
    "criteria": {
      "has_item": "2024-09-08 01:32:06 +0000"
    },
    "done": true
  },
  "pfm:recipes/pfm.furniture/oak_kitchen_counter_oven": {
    "criteria": {
      "has_planks": "2024-09-09 01:55:18 +0000"
    },
    "done": true
  },
  "pfm:recipes/pfm.furniture/dark_oak_white_simple_bed": {
    "criteria": {
      "has_bed": "2024-09-09 01:20:12 +0000"
    },
    "done": true
  },
  "pfm:recipes/pfm.furniture/dark_oak_white_classic_bed": {
    "criteria": {
      "has_bed": "2024-09-09 01:20:13 +0000"
    },
    "done": true
  },
  "minecraft:recipes/redstone/oak_button": {
    "criteria": {
      "has_planks": "2024-09-09 01:55:18 +0000"
    },
    "done": true
  },
  "pfm:recipes/pfm.furniture/grimwood_atmospheric_orange_simple_bed": {
    "criteria": {
      "has_bed": "2024-09-09 00:43:41 +0000"
    },
    "done": true
  },
  "pfm:recipes/pfm.furniture/oak_simple_bunk_ladder": {
    "criteria": {
      "has_planks": "2024-09-09 01:55:18 +0000"
    },
    "done": true
  },
  "farmersdelight:recipes/farmersdelight/flint_knife": {
    "criteria": {
      "has_stick": "2024-09-08 02:28:53 +0000"
    },
    "done": true
  },
  "pfm:recipes/pfm.furniture/acacia_orange_classic_bed": {
    "criteria": {
      "has_bed": "2024-09-09 00:43:41 +0000"
    },
    "done": true
  },
  "pfm:recipes/pfm.furniture/kitchen_stovetop": {
    "criteria": {
      "has_iron_ingot": "2024-09-09 00:47:36 +0000"
    },
    "done": true
  },
  "minecraft:recipes/redstone/iron_door": {
    "criteria": {
      "has_iron_ingot": "2024-09-09 00:47:36 +0000"
    },
    "done": true
  },
  "minecraft:recipes/misc/magenta_dye_from_allium": {
    "criteria": {
      "has_red_flower": "2024-09-08 02:33:44 +0000"
    },
    "done": true
  },
  "pfm:recipes/pfm.furniture/red_simple_sofa": {
    "criteria": {
      "has_wool": "2024-09-09 00:34:28 +0000"
    },
    "done": true
  },
  "minecraft:recipes/decorations/cyan_bed": {
    "criteria": {
      "has_cyan_wool": "2024-09-09 02:04:24 +0000"
    },
    "done": true
  },
  "minecraft:recipes/redstone/oak_door": {
    "criteria": {
      "has_planks": "2024-09-09 01:55:18 +0000"
    },
    "done": true
  },
  "farmersdelight:recipes/farmersdelight/diamond_knife": {
    "criteria": {
      "has_diamond": "2024-09-09 00:44:44 +0000"
    },
    "done": true
  },
  "securitycraft:recipes/securitycraft/motion_activated_light": {
    "criteria": {
      "has_stick": "2024-09-08 02:28:53 +0000"
    },
    "done": true
  },
  "minecraft:recipes/transportation/jungle_boat": {
    "criteria": {
      "in_water": "2024-09-08 01:20:09 +0000"
    },
    "done": true
  },
  "farmersdelight:recipes/farmersdelight/onion_crate": {
    "criteria": {
      "has_onion": "2024-09-08 02:33:42 +0000"
    },
    "done": true
  },
  "securitycraft:recipes/securitycraft/mine": {
    "criteria": {
      "has_iron": "2024-09-09 00:47:36 +0000"
    },
    "done": true
  },
  "pfm:recipes/pfm.furniture/kousa_atmospheric_red_classic_bed": {
    "criteria": {
      "has_bed": "2024-09-09 01:38:47 +0000"
    },
    "done": true
  },
  "minecraft:recipes/redstone/heavy_weighted_pressure_plate": {
    "criteria": {
      "has_iron_ingot": "2024-09-09 00:47:36 +0000"
    },
    "done": true
  },
  "farmersdelight:recipes/farmersdelight/golden_knife": {
    "criteria": {
      "has_gold_ingot": "2024-09-08 01:49:35 +0000"
    },
    "done": true
  },
  "pfm:recipes/pfm.furniture/oak_chair_classic": {
    "criteria": {
      "has_planks": "2024-09-09 01:55:18 +0000"
    },
    "done": true
  },
  "minecraft:recipes/transportation/dark_oak_boat": {
    "criteria": {
      "in_water": "2024-09-08 01:20:09 +0000"
    },
    "done": true
  },
  "minecraft:recipes/building_blocks/pink_wool": {
    "criteria": {
      "has_white_wool": "2024-09-08 02:35:23 +0000"
    },
    "done": true
  },
  "pfm:recipes/pfm.furniture/acacia_table_dinner": {
    "criteria": {
      "has_planks": "2024-09-09 00:44:54 +0000"
    },
    "done": true
  },
  "minecraft:recipes/decorations/brown_bed_from_white_bed": {
    "criteria": {
      "has_bed": "2024-09-09 01:20:13 +0000"
    },
    "done": true
  },
  "pfm:recipes/pfm.furniture/acacia_table_classic": {
    "criteria": {
      "has_planks": "2024-09-09 00:44:54 +0000"
    },
    "done": true
  },
  "minecraft:recipes/combat/golden_leggings": {
    "criteria": {
      "has_gold_ingot": "2024-09-08 01:49:35 +0000"
    },
    "done": true
  },
  "securitycraft:recipes/securitycraft/briefcase": {
    "criteria": {
      "has_iron": "2024-09-09 00:47:36 +0000"
    },
    "done": true
  },
  "pfm:recipes/pfm.furniture/grimwood_atmospheric_red_classic_bed": {
    "criteria": {
      "has_bed": "2024-09-09 01:38:47 +0000"
    },
    "done": true
  },
  "pfm:recipes/pfm.furniture/lime_arm_chair": {
    "criteria": {
      "has_wool": "2024-09-09 00:34:28 +0000"
    },
    "done": true
  },
  "pfm:recipes/pfm.furniture/kousa_atmospheric_orange_simple_bed": {
    "criteria": {
      "has_bed": "2024-09-09 00:43:41 +0000"
    },
    "done": true
  },
  "pfm:recipes/pfm.furniture/gray_arm_chair": {
    "criteria": {
      "has_wool": "2024-09-09 00:34:28 +0000"
    },
    "done": true
  },
  "pfm:recipes/pfm.furniture/morado_atmospheric_white_simple_bed": {
    "criteria": {
      "has_bed": "2024-09-09 01:20:12 +0000"
    },
    "done": true
  },
  "minecraft:recipes/combat/diamond_boots": {
    "criteria": {
      "has_diamond": "2024-09-09 00:44:44 +0000"
    },
    "done": true
  },
  "pfm:recipes/pfm.furniture/oak_chair_modern": {
    "criteria": {
      "has_planks": "2024-09-09 01:55:18 +0000"
    },
    "done": true
  },
  "pfm:recipes/pfm.furniture/crimson_white_classic_bed": {
    "criteria": {
      "has_bed": "2024-09-09 01:20:13 +0000"
    },
    "done": true
  },
  "securitycraft:recipes/securitycraft/reinforced_fence_gate": {
    "criteria": {
      "has_iron": "2024-09-09 00:47:36 +0000"
    },
    "done": true
  },
  "pfm:recipes/pfm.furniture/dark_oak_red_simple_bed": {
    "criteria": {
      "has_bed": "2024-09-09 01:38:47 +0000"
    },
    "done": true
  },
  "minecraft:recipes/decorations/soul_campfire": {
    "criteria": {
      "has_soul_sand": "2024-09-08 01:31:48 +0000"
    },
    "done": true
  },
  "minecraft:story/smelt_iron": {
    "criteria": {
      "iron": "2024-09-09 00:47:36 +0000"
    },
    "done": true
  },
  "pfm:recipes/pfm.furniture/aspen_atmospheric_orange_simple_bed": {
    "criteria": {
      "has_bed": "2024-09-09 00:43:41 +0000"
    },
    "done": true
  },
  "minecraft:recipes/decorations/light_gray_bed_from_white_bed": {
    "criteria": {
      "has_bed": "2024-09-09 01:20:13 +0000"
    },
    "done": true
  },
  "pfm:recipes/pfm.furniture/spruce_brown_simple_bed": {
    "criteria": {
      "has_bed": "2024-09-09 02:05:01 +0000"
    },
    "done": true
  },
  "DataVersion": 2586
}