{
  "dungeons_arise:wda_root": {
    "criteria": {
      "WDA": "2024-09-11 01:26:49 +0000"
    },
    "done": true
  },
  "farmersdelight:main/root": {
    "criteria": {
      "seeds": "2024-09-11 01:26:48 +0000"
    },
    "done": true
  },
  "pfm:grant_book_on_first_join": {
    "criteria": {
      "tick": "2024-09-11 01:26:48 +0000"
    },
    "done": true
  },
  "minecraft:adventure/root": {
    "criteria": {
      "killed_by_something": "2024-09-11 01:34:29 +0000"
    },
    "done": true
  },
  "minecraft:adventure/adventuring_time": {
    "criteria": {
      "minecraft:wooded_hills": "2024-09-11 01:35:44 +0000",
      "minecraft:plains": "2024-09-11 01:26:48 +0000"
    },
    "done": false
  },
  "DataVersion": 2586
}