{
  "dungeons_arise:wda_root": {
    "criteria": {
      "WDA": "2024-09-06 23:31:58 +0000"
    },
    "done": true
  },
  "dungeons_arise:find_bandit_village": {
    "criteria": {
      "location0": "2024-09-06 23:34:53 +0000"
    },
    "done": true
  },
  "farmersdelight:main/root": {
    "criteria": {
      "seeds": "2024-09-06 23:31:58 +0000"
    },
    "done": true
  },
  "minecraft:adventure/adventuring_time": {
    "criteria": {
      "minecraft:badlands_plateau": "2024-09-06 23:32:36 +0000",
      "minecraft:river": "2024-09-06 23:31:58 +0000"
    },
    "done": false
  },
  "DataVersion": 2586
}