{
  "alexsmobs:alexsmobs/maraca": {
    "criteria": {
      "rat_upgrade_basic": "2024-09-05 03:15:05 +0000"
    },
    "done": true
  },
  "alexsmobs:alexsmobs/la_cucaracha": {
    "criteria": {
      "tame": "2024-09-05 03:15:54 +0000"
    },
    "done": true
  },
  "minecraft:adventure/adventuring_time": {
    "criteria": {
      "minecraft:mountains": "2024-09-04 21:39:43 +0000",
      "minecraft:river": "2024-09-04 21:40:11 +0000",
      "minecraft:lukewarm_ocean": "2024-09-04 21:40:13 +0000",
      "minecraft:wooded_mountains": "2024-09-04 21:40:22 +0000",
      "minecraft:swamp": "2024-09-04 21:41:17 +0000",
      "minecraft:forest": "2024-09-04 21:41:32 +0000",
      "minecraft:wooded_hills": "2024-09-04 21:41:35 +0000",
      "minecraft:plains": "2024-09-04 21:38:28 +0000"
    },
    "done": false
  },
  "DataVersion": 2586
}