{
  "dungeons_arise:wda_root": {
    "criteria": {
      "WDA": "2024-09-12 01:34:05 +0000"
    },
    "done": true
  },
  "farmersdelight:main/root": {
    "criteria": {
      "seeds": "2024-09-12 01:34:05 +0000"
    },
    "done": true
  },
  "pfm:grant_book_on_first_join": {
    "criteria": {
      "tick": "2024-09-12 01:34:05 +0000"
    },
    "done": true
  },
  "minecraft:adventure/adventuring_time": {
    "criteria": {
      "minecraft:plains": "2024-09-12 01:34:05 +0000"
    },
    "done": false
  },
  "DataVersion": 2586
}