{
  "minecraft:recipes/tools/fishing_rod": {
    "criteria": {
      "has_string": "2024-09-08 01:32:03 +0000"
    },
    "done": true
  },
  "securitycraft:recipes/securitycraft/universal_block_remover": {
    "criteria": {
      "has_iron": "2024-09-08 03:44:30 +0000"
    },
    "done": true
  },
  "minecraft:recipes/food/cooked_mutton_from_campfire_cooking": {
    "criteria": {
      "has_mutton": "2024-09-08 00:38:04 +0000"
    },
    "done": true
  },
  "minecraft:recipes/decorations/smoker": {
    "criteria": {
      "has_furnace": "2024-09-08 03:44:03 +0000"
    },
    "done": true
  },
  "pfm:recipes/pfm.furniture/stripped_acacia_table_classic": {
    "criteria": {
      "has_planks": "2024-09-08 04:52:57 +0000"
    },
    "done": true
  },
  "minecraft:recipes/redstone/lever": {
    "criteria": {
      "has_cobblestone": "2024-09-08 03:32:22 +0000"
    },
    "done": true
  },
  "farmersdelight:recipes/farmersdelight/organic_compost_from_rotten_flesh": {
    "criteria": {
      "has_rotten_flesh": "2024-09-08 01:21:00 +0000"
    },
    "done": true
  },
  "minecraft:recipes/redstone/acacia_button": {
    "criteria": {
      "has_planks": "2024-09-08 01:31:03 +0000"
    },
    "done": true
  },
  "minecraft:recipes/misc/magenta_dye_from_lilac": {
    "criteria": {
      "has_double_plant": "2024-09-08 02:46:40 +0000"
    },
    "done": true
  },
  "minecraft:recipes/combat/iron_sword": {
    "criteria": {
      "has_iron_ingot": "2024-09-08 03:44:30 +0000"
    },
    "done": true
  },
  "securitycraft:recipes/securitycraft/reinforced_andesite_with_vanilla_diorite": {
    "criteria": {
      "has_cobblestone": "2024-09-08 03:32:22 +0000"
    },
    "done": true
  },
  "pfm:recipes/pfm.furniture/brown_arm_chair": {
    "criteria": {
      "has_wool": "2024-09-08 00:36:37 +0000"
    },
    "done": true
  },
  "pfm:recipes/pfm.furniture/birch_kitchen_cabinet": {
    "criteria": {
      "has_planks": "2024-09-08 03:07:31 +0000"
    },
    "done": true
  },
  "minecraft:recipes/building_blocks/lime_concrete_powder": {
    "criteria": {
      "has_sand": "2024-09-08 02:20:14 +0000"
    },
    "done": true
  },
  "securitycraft:recipes/securitycraft/sentry": {
    "criteria": {
      "has_iron": "2024-09-08 03:44:30 +0000"
    },
    "done": true
  },
  "minecraft:recipes/tools/iron_pickaxe": {
    "criteria": {
      "has_iron_ingot": "2024-09-08 03:44:30 +0000"
    },
    "done": true
  },
  "minecraft:recipes/building_blocks/yellow_concrete_powder": {
    "criteria": {
      "has_sand": "2024-09-08 02:20:14 +0000"
    },
    "done": true
  },
  "minecraft:recipes/combat/leather_helmet": {
    "criteria": {
      "has_leather": "2024-09-08 04:36:19 +0000"
    },
    "done": true
  },
  "pfm:recipes/pfm.furniture/stripped_acacia_modern_stool": {
    "criteria": {
      "has_planks": "2024-09-08 04:52:57 +0000"
    },
    "done": true
  },
  "minecraft:recipes/decorations/crafting_table": {
    "criteria": {
      "has_planks": "2024-09-08 00:36:45 +0000"
    },
    "done": true
  },
  "minecraft:recipes/building_blocks/magenta_wool": {
    "criteria": {
      "has_white_wool": "2024-09-08 00:38:04 +0000"
    },
    "done": true
  },
  "pfm:recipes/pfm.furniture/blue_simple_sofa": {
    "criteria": {
      "has_wool": "2024-09-08 00:36:37 +0000"
    },
    "done": true
  },
  "minecraft:recipes/decorations/ladder": {
    "criteria": {
      "has_stick": "2024-09-08 00:37:04 +0000"
    },
    "done": true
  },
  "farmersdelight:recipes/farmersdelight/pie_crust": {
    "criteria": {
      "has_wheat": "2024-09-08 02:27:19 +0000"
    },
    "done": true
  },
  "minecraft:recipes/decorations/chest": {
    "criteria": {
      "has_lots_of_items": "2024-09-08 00:37:47 +0000"
    },
    "done": true
  },
  "minecraft:recipes/combat/golden_sword": {
    "criteria": {
      "has_gold_ingot": "2024-09-08 01:23:40 +0000"
    },
    "done": true
  },
  "minecraft:story/shiny_gear": {
    "criteria": {
      "diamond_boots": "2024-09-08 18:01:33 +0000"
    },
    "done": true
  },
  "minecraft:recipes/tools/wooden_shovel": {
    "criteria": {
      "has_stick": "2024-09-08 00:37:04 +0000"
    },
    "done": true
  },
  "minecraft:recipes/decorations/torch": {
    "criteria": {
      "has_stone_pickaxe": "2024-09-08 03:32:43 +0000"
    },
    "done": true
  },
  "minecraft:recipes/tools/shears": {
    "criteria": {
      "has_iron_ingot": "2024-09-08 03:44:30 +0000"
    },
    "done": true
  },
  "minecraft:recipes/misc/stick": {
    "criteria": {
      "has_planks": "2024-09-08 00:36:45 +0000"
    },
    "done": true
  },
  "minecraft:recipes/building_blocks/mossy_cobblestone_slab_from_mossy_cobblestone_stonecutting": {
    "criteria": {
      "has_mossy_cobblestone": "2024-09-08 03:35:26 +0000"
    },
    "done": true
  },
  "minecraft:recipes/misc/iron_ingot_from_blasting": {
    "criteria": {
      "has_iron_ore": "2024-09-08 03:38:22 +0000"
    },
    "done": true
  },
  "pfm:recipes/pfm.furniture/iron_freezer": {
    "criteria": {
      "has_iron_ingot": "2024-09-08 03:44:30 +0000"
    },
    "done": true
  },
  "pfm:recipes/pfm.furniture/acacia_classic_nightstand": {
    "criteria": {
      "has_planks": "2024-09-08 01:31:03 +0000"
    },
    "done": true
  },
  "minecraft:recipes/redstone/dispenser": {
    "criteria": {
      "has_bow": "2024-09-08 04:33:31 +0000"
    },
    "done": true
  },
  "securitycraft:recipes/securitycraft/electrified_iron_fence": {
    "criteria": {
      "has_iron": "2024-09-08 03:44:30 +0000"
    },
    "done": true
  },
  "minecraft:recipes/building_blocks/emerald_block": {
    "criteria": {
      "has_emerald": "2024-09-08 01:32:03 +0000"
    },
    "done": true
  },
  "pfm:recipes/pfm.furniture/yucca_atmospheric_orange_simple_bed": {
    "criteria": {
      "has_bed": "2024-09-08 03:30:47 +0000"
    },
    "done": true
  },
  "securitycraft:recipes/securitycraft/reinforced_dark_oak_fence_gate": {
    "criteria": {
      "has_stick": "2024-09-08 00:37:04 +0000"
    },
    "done": true
  },
  "securitycraft:recipes/securitycraft/reinforced_andesite_with_vanilla_cobblestone": {
    "criteria": {
      "has_cobblestone": "2024-09-08 03:32:22 +0000"
    },
    "done": true
  },
  "minecraft:recipes/combat/iron_leggings": {
    "criteria": {
      "has_iron_ingot": "2024-09-08 03:44:30 +0000"
    },
    "done": true
  },
  "pfm:recipes/pfm.furniture/birch_table_basic": {
    "criteria": {
      "has_planks": "2024-09-08 03:07:31 +0000"
    },
    "done": true
  },
  "pfm:recipes/pfm.furniture/green_arm_chair": {
    "criteria": {
      "has_wool": "2024-09-08 00:36:37 +0000"
    },
    "done": true
  },
  "pfm:recipes/pfm.furniture/lime_simple_sofa": {
    "criteria": {
      "has_wool": "2024-09-08 00:36:37 +0000"
    },
    "done": true
  },
  "minecraft:recipes/combat/shield": {
    "criteria": {
      "has_iron_ingot": "2024-09-08 03:44:30 +0000"
    },
    "done": true
  },
  "minecraft:recipes/building_blocks/cobblestone_slab": {
    "criteria": {
      "has_cobblestone": "2024-09-08 03:32:22 +0000"
    },
    "done": true
  },
  "pfm:recipes/pfm.furniture/oak_chair_dinner": {
    "criteria": {
      "has_planks": "2024-09-08 00:36:45 +0000"
    },
    "done": true
  },
  "minecraft:recipes/decorations/gray_bed": {
    "criteria": {
      "has_gray_wool": "2024-09-08 02:49:34 +0000"
    },
    "done": true
  },
  "pfm:recipes/pfm.furniture/stripped_acacia_chair_dinner": {
    "criteria": {
      "has_planks": "2024-09-08 04:52:57 +0000"
    },
    "done": true
  },
  "minecraft:recipes/redstone/hopper": {
    "criteria": {
      "has_iron_ingot": "2024-09-08 03:44:30 +0000"
    },
    "done": true
  },
  "pfm:recipes/pfm.furniture/stripped_acacia_table_dinner": {
    "criteria": {
      "has_planks": "2024-09-08 04:52:57 +0000"
    },
    "done": true
  },
  "minecraft:recipes/building_blocks/mossy_cobblestone_stairs_from_mossy_cobblestone_stonecutting": {
    "criteria": {
      "has_mossy_cobblestone": "2024-09-08 03:35:26 +0000"
    },
    "done": true
  },
  "pfm:recipes/pfm.furniture/acacia_chair_modern": {
    "criteria": {
      "has_planks": "2024-09-08 01:31:03 +0000"
    },
    "done": true
  },
  "minecraft:recipes/building_blocks/light_gray_concrete_powder": {
    "criteria": {
      "has_sand": "2024-09-08 02:20:14 +0000"
    },
    "done": true
  },
  "securitycraft:recipes/securitycraft/reinforced_spruce_fence_gate": {
    "criteria": {
      "has_stick": "2024-09-08 00:37:04 +0000"
    },
    "done": true
  },
  "pfm:recipes/pfm.furniture/stripped_acacia_table_log": {
    "criteria": {
      "has_log": "2024-09-08 04:52:57 +0000"
    },
    "done": true
  },
  "pfm:recipes/pfm.furniture/jungle_orange_simple_bed": {
    "criteria": {
      "has_bed": "2024-09-08 03:30:47 +0000"
    },
    "done": true
  },
  "pfm:recipes/pfm.furniture/stripped_acacia_classic_nightstand": {
    "criteria": {
      "has_planks": "2024-09-08 04:52:57 +0000"
    },
    "done": true
  },
  "pfm:recipes/pfm.furniture/stripped_spruce_simple_stool": {
    "criteria": {
      "has_planks": "2024-09-08 03:33:18 +0000"
    },
    "done": true
  },
  "minecraft:recipes/combat/leather_leggings": {
    "criteria": {
      "has_leather": "2024-09-08 04:36:19 +0000"
    },
    "done": true
  },
  "minecraft:recipes/building_blocks/pink_concrete_powder": {
    "criteria": {
      "has_sand": "2024-09-08 02:20:14 +0000"
    },
    "done": true
  },
  "securitycraft:recipes/securitycraft/security_camera": {
    "criteria": {
      "has_iron": "2024-09-08 03:44:30 +0000"
    },
    "done": true
  },
  "pfm:recipes/pfm.furniture/gray_simple_sofa": {
    "criteria": {
      "has_wool": "2024-09-08 00:36:37 +0000"
    },
    "done": true
  },
  "securitycraft:recipes/securitycraft/door_indestructible_iron_item": {
    "criteria": {
      "has_iron": "2024-09-08 03:44:30 +0000"
    },
    "done": true
  },
  "pfm:recipes/pfm.furniture/iron_stove": {
    "criteria": {
      "has_iron_ingot": "2024-09-08 03:44:30 +0000"
    },
    "done": true
  },
  "minecraft:recipes/decorations/acacia_fence": {
    "criteria": {
      "has_planks": "2024-09-08 01:31:03 +0000"
    },
    "done": true
  },
  "pfm:recipes/pfm.furniture/acacia_table_modern_dinner": {
    "criteria": {
      "has_planks": "2024-09-08 01:31:03 +0000"
    },
    "done": true
  },
  "minecraft:recipes/decorations/iron_bars": {
    "criteria": {
      "has_iron_ingot": "2024-09-08 03:44:30 +0000"
    },
    "done": true
  },
  "minecraft:recipes/building_blocks/andesite_stairs_from_andesite_stonecutting": {
    "criteria": {
      "has_andesite": "2024-09-08 03:55:03 +0000"
    },
    "done": true
  },
  "securitycraft:recipes/securitycraft/reinforced_crimson_fence_gate": {
    "criteria": {
      "has_stick": "2024-09-08 00:37:04 +0000"
    },
    "done": true
  },
  "minecraft:recipes/building_blocks/blue_wool": {
    "criteria": {
      "has_white_wool": "2024-09-08 00:38:04 +0000"
    },
    "done": true
  },
  "minecraft:recipes/building_blocks/gold_block": {
    "criteria": {
      "has_gold_ingot": "2024-09-08 01:23:40 +0000"
    },
    "done": true
  },
  "minecraft:story/obtain_armor": {
    "criteria": {
      "iron_boots": "2024-09-08 01:32:21 +0000"
    },
    "done": true
  },
  "pfm:recipes/pfm.furniture/birch_table_modern_dinner": {
    "criteria": {
      "has_planks": "2024-09-08 03:07:31 +0000"
    },
    "done": true
  },
  "alexsmobs:alexsmobs/maraca": {
    "criteria": {
      "rat_upgrade_basic": "2024-09-08 18:21:37 +0000"
    },
    "done": true
  },
  "pfm:recipes/pfm.furniture/acacia_table_basic": {
    "criteria": {
      "has_planks": "2024-09-08 01:31:03 +0000"
    },
    "done": true
  },
  "securitycraft:recipes/securitycraft/reinforced_jungle_fence": {
    "criteria": {
      "has_stick": "2024-09-08 00:37:04 +0000"
    },
    "done": true
  },
  "minecraft:recipes/combat/diamond_leggings": {
    "criteria": {
      "has_diamond": "2024-09-08 04:25:33 +0000"
    },
    "done": true
  },
  "minecraft:recipes/building_blocks/sandstone": {
    "criteria": {
      "has_sand": "2024-09-08 02:20:14 +0000"
    },
    "done": true
  },
  "minecraft:adventure/sleep_in_bed": {
    "criteria": {
      "slept_in_bed": "2024-09-08 03:02:14 +0000"
    },
    "done": true
  },
  "minecraft:recipes/building_blocks/spruce_planks": {
    "criteria": {
      "has_logs": "2024-09-08 03:33:18 +0000"
    },
    "done": true
  },
  "minecraft:recipes/building_blocks/cobblestone_slab_from_cobblestone_stonecutting": {
    "criteria": {
      "has_cobblestone": "2024-09-08 03:32:22 +0000"
    },
    "done": true
  },
  "pfm:recipes/pfm.furniture/purple_arm_chair": {
    "criteria": {
      "has_wool": "2024-09-08 00:36:37 +0000"
    },
    "done": true
  },
  "minecraft:recipes/building_blocks/oak_stairs": {
    "criteria": {
      "has_planks": "2024-09-08 00:36:45 +0000"
    },
    "done": true
  },
  "minecraft:recipes/building_blocks/polished_andesite_slab_from_andesite_stonecutting": {
    "criteria": {
      "has_andesite": "2024-09-08 03:55:03 +0000"
    },
    "done": true
  },
  "valhelsia_structures:recipes/valhelsia_structures_main/soul_brazier": {
    "criteria": {
      "has_item": "2024-09-08 01:31:53 +0000"
    },
    "done": true
  },
  "minecraft:recipes/transportation/acacia_boat": {
    "criteria": {
      "in_water": "2024-09-08 00:42:47 +0000"
    },
    "done": true
  },
  "minecraft:recipes/redstone/iron_trapdoor": {
    "criteria": {
      "has_iron_ingot": "2024-09-08 03:44:30 +0000"
    },
    "done": true
  },
  "farmersdelight:recipes/farmersdelight/cutting_board": {
    "criteria": {
      "has_stick": "2024-09-08 00:37:04 +0000"
    },
    "done": true
  },
  "minecraft:recipes/decorations/birch_sign": {
    "criteria": {
      "has_birch_planks": "2024-09-08 03:07:31 +0000"
    },
    "done": true
  },
  "minecraft:adventure/root": {
    "criteria": {
      "killed_something": "2024-09-08 00:37:45 +0000"
    },
    "done": true
  },
  "pfm:recipes/pfm.furniture/stripped_spruce_kitchen_wall_counter": {
    "criteria": {
      "has_planks": "2024-09-08 03:33:18 +0000"
    },
    "done": true
  },
  "pfm:recipes/pfm.furniture/birch_table_classic": {
    "criteria": {
      "has_planks": "2024-09-08 03:07:31 +0000"
    },
    "done": true
  },
  "securitycraft:recipes/securitycraft/storage_module": {
    "criteria": {
      "has_iron": "2024-09-08 03:44:30 +0000"
    },
    "done": true
  },
  "minecraft:recipes/building_blocks/white_concrete_powder": {
    "criteria": {
      "has_sand": "2024-09-08 02:20:14 +0000"
    },
    "done": true
  },
  "minecraft:recipes/building_blocks/white_wool_from_string": {
    "criteria": {
      "has_string": "2024-09-08 01:32:03 +0000"
    },
    "done": true
  },
  "minecraft:recipes/tools/diamond_pickaxe": {
    "criteria": {
      "has_diamond": "2024-09-08 04:25:33 +0000"
    },
    "done": true
  },
  "pfm:recipes/pfm.furniture/acacia_chair_classic": {
    "criteria": {
      "has_planks": "2024-09-08 01:31:03 +0000"
    },
    "done": true
  },
  "minecraft:adventure/kill_all_mobs": {
    "criteria": {
      "minecraft:skeleton": "2024-09-08 02:25:59 +0000",
      "minecraft:spider": "2024-09-08 03:47:42 +0000",
      "minecraft:wither_skeleton": "2024-09-08 18:00:34 +0000",
      "minecraft:zombie": "2024-09-08 01:20:59 +0000"
    },
    "done": false
  },
  "minecraft:recipes/building_blocks/birch_wood": {
    "criteria": {
      "has_log": "2024-09-08 03:07:18 +0000"
    },
    "done": true
  },
  "pfm:recipes/pfm.furniture/oak_table_classic": {
    "criteria": {
      "has_planks": "2024-09-08 00:36:45 +0000"
    },
    "done": true
  },
  "pfm:recipes/pfm.furniture/birch_classic_stool": {
    "criteria": {
      "has_planks": "2024-09-08 03:07:31 +0000"
    },
    "done": true
  },
  "farmersdelight:recipes/farmersdelight/cooking_pot": {
    "criteria": {
      "has_iron_ingot": "2024-09-08 03:44:30 +0000"
    },
    "done": true
  },
  "pfm:recipes/pfm.furniture/orange_simple_sofa": {
    "criteria": {
      "has_wool": "2024-09-08 00:36:37 +0000"
    },
    "done": true
  },
  "pfm:recipes/pfm.furniture/iron_oven_range_hood": {
    "criteria": {
      "has_iron_ingot": "2024-09-08 03:44:30 +0000"
    },
    "done": true
  },
  "pfm:recipes/pfm.furniture/acacia_modern_stool": {
    "criteria": {
      "has_planks": "2024-09-08 01:31:03 +0000"
    },
    "done": true
  },
  "pfm:recipes/pfm.furniture/oak_log_stool": {
    "criteria": {
      "has_log": "2024-09-08 00:36:37 +0000"
    },
    "done": true
  },
  "minecraft:recipes/decorations/fletching_table": {
    "criteria": {
      "has_flint": "2024-09-08 01:23:40 +0000"
    },
    "done": true
  },
  "pfm:recipes/pfm.furniture/black_simple_sofa": {
    "criteria": {
      "has_wool": "2024-09-08 00:36:37 +0000"
    },
    "done": true
  },
  "pfm:recipes/pfm.furniture/acacia_kitchen_counter": {
    "criteria": {
      "has_planks": "2024-09-08 01:31:03 +0000"
    },
    "done": true
  },
  "pfm:recipes/pfm.furniture/oak_orange_classic_bed": {
    "criteria": {
      "has_bed": "2024-09-08 03:30:47 +0000"
    },
    "done": true
  },
  "minecraft:recipes/misc/light_gray_dye_from_azure_bluet": {
    "criteria": {
      "has_red_flower": "2024-09-08 18:19:05 +0000"
    },
    "done": true
  },
  "minecraft:recipes/misc/iron_nugget_from_smelting": {
    "criteria": {
      "has_iron_boots": "2024-09-08 01:32:21 +0000"
    },
    "done": true
  },
  "minecraft:recipes/food/cooked_mutton_from_smoking": {
    "criteria": {
      "has_mutton": "2024-09-08 00:38:04 +0000"
    },
    "done": true
  },
  "pfm:recipes/pfm.furniture/white_shower_towel": {
    "criteria": {
      "has_white_wool": "2024-09-08 00:38:04 +0000"
    },
    "done": true
  },
  "pfm:recipes/pfm.furniture/warped_orange_simple_bed": {
    "criteria": {
      "has_bed": "2024-09-08 03:30:47 +0000"
    },
    "done": true
  },
  "minecraft:recipes/decorations/chain": {
    "criteria": {
      "has_iron_ingot": "2024-09-08 03:44:30 +0000"
    },
    "done": true
  },
  "securitycraft:recipes/securitycraft/reinforced_warped_fence_gate": {
    "criteria": {
      "has_stick": "2024-09-08 00:37:04 +0000"
    },
    "done": true
  },
  "securitycraft:recipes/securitycraft/reinforced_dispenser": {
    "criteria": {
      "has_bow": "2024-09-08 04:33:31 +0000"
    },
    "done": true
  },
  "minecraft:recipes/misc/blue_dye": {
    "criteria": {
      "has_lapis_lazuli": "2024-09-08 04:25:33 +0000"
    },
    "done": true
  },
  "minecraft:recipes/decorations/oak_fence": {
    "criteria": {
      "has_planks": "2024-09-08 00:36:45 +0000"
    },
    "done": true
  },
  "pfm:recipes/pfm.furniture/cyan_arm_chair": {
    "criteria": {
      "has_wool": "2024-09-08 00:36:37 +0000"
    },
    "done": true
  },
  "pfm:recipes/pfm.furniture/stripped_spruce_table_classic": {
    "criteria": {
      "has_planks": "2024-09-08 03:33:18 +0000"
    },
    "done": true
  },
  "minecraft:recipes/food/cooked_porkchop": {
    "criteria": {
      "has_porkchop": "2024-09-08 00:37:47 +0000"
    },
    "done": true
  },
  "minecraft:recipes/building_blocks/orange_concrete_powder": {
    "criteria": {
      "has_sand": "2024-09-08 02:20:14 +0000"
    },
    "done": true
  },
  "minecraft:recipes/building_blocks/oak_slab": {
    "criteria": {
      "has_planks": "2024-09-08 00:36:45 +0000"
    },
    "done": true
  },
  "pfm:recipes/pfm.furniture/acacia_table_log": {
    "criteria": {
      "has_log": "2024-09-08 01:31:03 +0000"
    },
    "done": true
  },
  "pfm:recipes/pfm.furniture/crimson_orange_classic_bed": {
    "criteria": {
      "has_bed": "2024-09-08 03:30:47 +0000"
    },
    "done": true
  },
  "pfm:recipes/pfm.furniture/oak_orange_simple_bed": {
    "criteria": {
      "has_bed": "2024-09-08 03:30:47 +0000"
    },
    "done": true
  },
  "pfm:recipes/pfm.furniture/oak_classic_stool": {
    "criteria": {
      "has_planks": "2024-09-08 00:36:45 +0000"
    },
    "done": true
  },
  "minecraft:husbandry/tame_an_animal": {
    "criteria": {
      "tamed_animal": "2024-09-08 03:04:41 +0000"
    },
    "done": true
  },
  "pfm:recipes/pfm.furniture/stripped_spruce_classic_nightstand": {
    "criteria": {
      "has_planks": "2024-09-08 03:33:18 +0000"
    },
    "done": true
  },
  "securitycraft:recipes/securitycraft/reinforced_crimson_fence": {
    "criteria": {
      "has_stick": "2024-09-08 00:37:04 +0000"
    },
    "done": true
  },
  "pfm:recipes/pfm.furniture/acacia_kitchen_wall_drawer": {
    "criteria": {
      "has_planks": "2024-09-08 01:31:03 +0000"
    },
    "done": true
  },
  "pfm:recipes/pfm.furniture/pink_arm_chair": {
    "criteria": {
      "has_wool": "2024-09-08 00:36:37 +0000"
    },
    "done": true
  },
  "minecraft:recipes/food/cooked_porkchop_from_campfire_cooking": {
    "criteria": {
      "has_porkchop": "2024-09-08 00:37:47 +0000"
    },
    "done": true
  },
  "pfm:recipes/pfm.furniture/oak_chair": {
    "criteria": {
      "has_planks": "2024-09-08 00:36:45 +0000"
    },
    "done": true
  },
  "pfm:recipes/pfm.furniture/gray_shower_towel": {
    "criteria": {
      "has_gray_wool": "2024-09-08 02:49:34 +0000"
    },
    "done": true
  },
  "pfm:recipes/pfm.furniture/dark_oak_orange_simple_bed": {
    "criteria": {
      "has_bed": "2024-09-08 03:30:47 +0000"
    },
    "done": true
  },
  "pfm:recipes/pfm.furniture/acacia_kitchen_cabinet": {
    "criteria": {
      "has_planks": "2024-09-08 01:31:03 +0000"
    },
    "done": true
  },
  "pfm:recipes/pfm.furniture/birch_chair_modern": {
    "criteria": {
      "has_planks": "2024-09-08 03:07:31 +0000"
    },
    "done": true
  },
  "minecraft:recipes/building_blocks/black_wool": {
    "criteria": {
      "has_white_wool": "2024-09-08 00:38:04 +0000"
    },
    "done": true
  },
  "minecraft:recipes/combat/golden_chestplate": {
    "criteria": {
      "has_gold_ingot": "2024-09-08 01:23:40 +0000"
    },
    "done": true
  },
  "pfm:recipes/pfm.furniture/light_gray_simple_sofa": {
    "criteria": {
      "has_wool": "2024-09-08 00:36:37 +0000"
    },
    "done": true
  },
  "valhelsia_structures:recipes/valhelsia_structures_main/acacia_post": {
    "criteria": {
      "has_item": "2024-09-08 01:30:59 +0000"
    },
    "done": true
  },
  "minecraft:recipes/redstone/acacia_pressure_plate": {
    "criteria": {
      "has_planks": "2024-09-08 01:31:03 +0000"
    },
    "done": true
  },
  "pfm:recipes/pfm.furniture/dark_oak_orange_classic_bed": {
    "criteria": {
      "has_bed": "2024-09-08 03:30:47 +0000"
    },
    "done": true
  },
  "minecraft:recipes/building_blocks/diorite_stairs_from_diorite_stonecutting": {
    "criteria": {
      "has_diorite": "2024-09-08 03:32:54 +0000"
    },
    "done": true
  },
  "minecraft:recipes/misc/blue_dye_from_cornflower": {
    "criteria": {
      "has_blue_flower": "2024-09-08 00:53:20 +0000"
    },
    "done": true
  },
  "pfm:recipes/pfm.furniture/oak_simple_stool": {
    "criteria": {
      "has_planks": "2024-09-08 00:36:45 +0000"
    },
    "done": true
  },
  "valhelsia_structures:recipes/valhelsia_structures_main/brazier": {
    "criteria": {
      "has_item": "2024-09-08 01:32:03 +0000"
    },
    "done": true
  },
  "pfm:recipes/pfm.furniture/stripped_spruce_chair": {
    "criteria": {
      "has_planks": "2024-09-08 03:33:18 +0000"
    },
    "done": true
  },
  "pfm:recipes/pfm.furniture/oak_kitchen_counter": {
    "criteria": {
      "has_planks": "2024-09-08 00:36:45 +0000"
    },
    "done": true
  },
  "minecraft:recipes/building_blocks/stripped_acacia_wood": {
    "criteria": {
      "has_log": "2024-09-08 04:52:57 +0000"
    },
    "done": true
  },
  "pfm:recipes/pfm.furniture/yucca_atmospheric_orange_classic_bed": {
    "criteria": {
      "has_bed": "2024-09-08 03:30:47 +0000"
    },
    "done": true
  },
  "minecraft:recipes/redstone/birch_button": {
    "criteria": {
      "has_planks": "2024-09-08 03:07:31 +0000"
    },
    "done": true
  },
  "minecraft:recipes/building_blocks/iron_block": {
    "criteria": {
      "has_iron_ingot": "2024-09-08 03:44:30 +0000"
    },
    "done": true
  },
  "pfm:recipes/pfm.furniture/morado_atmospheric_orange_simple_bed": {
    "criteria": {
      "has_bed": "2024-09-08 03:30:47 +0000"
    },
    "done": true
  },
  "minecraft:recipes/misc/red_dye_from_poppy": {
    "criteria": {
      "has_red_flower": "2024-09-08 00:59:05 +0000"
    },
    "done": true
  },
  "minecraft:recipes/building_blocks/acacia_wood": {
    "criteria": {
      "has_log": "2024-09-08 01:30:59 +0000"
    },
    "done": true
  },
  "pfm:recipes/pfm.furniture/stripped_acacia_classic_stool": {
    "criteria": {
      "has_planks": "2024-09-08 04:52:57 +0000"
    },
    "done": true
  },
  "minecraft:recipes/misc/yellow_dye_from_dandelion": {
    "criteria": {
      "has_yellow_flower": "2024-09-08 00:57:34 +0000"
    },
    "done": true
  },
  "securitycraft:recipes/securitycraft/reinforced_birch_fence": {
    "criteria": {
      "has_stick": "2024-09-08 00:37:04 +0000"
    },
    "done": true
  },
  "minecraft:story/deflect_arrow": {
    "criteria": {
      "deflected_projectile": "2024-09-08 03:50:01 +0000"
    },
    "done": true
  },
  "pfm:recipes/pfm.furniture/stripped_acacia_chair_classic": {
    "criteria": {
      "has_planks": "2024-09-08 04:52:57 +0000"
    },
    "done": true
  },
  "minecraft:recipes/building_blocks/light_blue_wool": {
    "criteria": {
      "has_white_wool": "2024-09-08 00:38:04 +0000"
    },
    "done": true
  },
  "pfm:recipes/pfm.furniture/stripped_acacia_chair_modern": {
    "criteria": {
      "has_planks": "2024-09-08 04:52:57 +0000"
    },
    "done": true
  },
  "minecraft:recipes/combat/wooden_sword": {
    "criteria": {
      "has_stick": "2024-09-08 00:37:04 +0000"
    },
    "done": true
  },
  "minecraft:recipes/decorations/gray_banner": {
    "criteria": {
      "has_gray_wool": "2024-09-08 02:49:34 +0000"
    },
    "done": true
  },
  "pfm:recipes/pfm.furniture/iron_fridge": {
    "criteria": {
      "has_iron_ingot": "2024-09-08 03:44:30 +0000"
    },
    "done": true
  },
  "minecraft:recipes/building_blocks/oak_planks": {
    "criteria": {
      "has_logs": "2024-09-08 00:36:37 +0000"
    },
    "done": true
  },
  "minecraft:recipes/building_blocks/gray_concrete_powder": {
    "criteria": {
      "has_sand": "2024-09-08 02:20:14 +0000"
    },
    "done": true
  },
  "pfm:recipes/pfm.furniture/aspen_atmospheric_orange_classic_bed": {
    "criteria": {
      "has_bed": "2024-09-08 03:30:47 +0000"
    },
    "done": true
  },
  "pfm:recipes/pfm.furniture/acacia_kitchen_drawer": {
    "criteria": {
      "has_planks": "2024-09-08 01:31:03 +0000"
    },
    "done": true
  },
  "pfm:recipes/pfm.furniture/acacia_kitchen_wall_counter": {
    "criteria": {
      "has_planks": "2024-09-08 01:31:03 +0000"
    },
    "done": true
  },
  "securitycraft:recipes/securitycraft/smart_module": {
    "criteria": {
      "has_iron": "2024-09-08 03:44:30 +0000"
    },
    "done": true
  },
  "minecraft:recipes/tools/golden_axe": {
    "criteria": {
      "has_gold_ingot": "2024-09-08 01:23:40 +0000"
    },
    "done": true
  },
  "securitycraft:recipes/securitycraft/block_change_detector": {
    "criteria": {
      "has_iron": "2024-09-08 03:44:30 +0000"
    },
    "done": true
  },
  "minecraft:recipes/tools/iron_axe": {
    "criteria": {
      "has_iron_ingot": "2024-09-08 03:44:30 +0000"
    },
    "done": true
  },
  "pfm:recipes/pfm.furniture/acacia_simple_bunk_ladder": {
    "criteria": {
      "has_planks": "2024-09-08 01:31:03 +0000"
    },
    "done": true
  },
  "pfm:recipes/pfm.furniture/rosewood_atmospheric_orange_simple_bed": {
    "criteria": {
      "has_bed": "2024-09-08 03:30:47 +0000"
    },
    "done": true
  },
  "minecraft:recipes/decorations/gray_carpet": {
    "criteria": {
      "has_gray_wool": "2024-09-08 02:49:34 +0000"
    },
    "done": true
  },
  "minecraft:recipes/redstone/tripwire_hook": {
    "criteria": {
      "has_string": "2024-09-08 01:32:03 +0000"
    },
    "done": true
  },
  "securitycraft:recipes/securitycraft/reinforced_acacia_fence": {
    "criteria": {
      "has_stick": "2024-09-08 00:37:04 +0000"
    },
    "done": true
  },
  "pfm:recipes/pfm.furniture/acacia_orange_simple_bed": {
    "criteria": {
      "has_bed": "2024-09-08 03:30:47 +0000"
    },
    "done": true
  },
  "minecraft:recipes/misc/black_dye_from_wither_rose": {
    "criteria": {
      "has_black_flower": "2024-09-08 18:00:02 +0000"
    },
    "done": true
  },
  "minecraft:recipes/combat/iron_boots": {
    "criteria": {
      "has_iron_ingot": "2024-09-08 03:44:30 +0000"
    },
    "done": true
  },
  "minecraft:recipes/misc/bone_meal": {
    "criteria": {
      "has_bone": "2024-09-08 01:31:28 +0000"
    },
    "done": true
  },
  "pfm:recipes/pfm.furniture/birch_orange_classic_bed": {
    "criteria": {
      "has_bed": "2024-09-08 03:30:47 +0000"
    },
    "done": true
  },
  "minecraft:recipes/building_blocks/birch_planks": {
    "criteria": {
      "has_logs": "2024-09-08 03:07:18 +0000"
    },
    "done": true
  },
  "minecraft:recipes/building_blocks/black_concrete_powder": {
    "criteria": {
      "has_sand": "2024-09-08 02:20:14 +0000"
    },
    "done": true
  },
  "minecraft:story/iron_tools": {
    "criteria": {
      "iron_pickaxe": "2024-09-08 03:46:09 +0000"
    },
    "done": true
  },
  "pfm:recipes/pfm.furniture/stripped_spruce_chair_dinner": {
    "criteria": {
      "has_planks": "2024-09-08 03:33:18 +0000"
    },
    "done": true
  },
  "pfm:recipes/pfm.furniture/stripped_acacia_kitchen_counter": {
    "criteria": {
      "has_planks": "2024-09-08 04:52:57 +0000"
    },
    "done": true
  },
  "minecraft:recipes/decorations/cartography_table": {
    "criteria": {
      "has_paper": "2024-09-08 19:55:13 +0000"
    },
    "done": true
  },
  "farmersdelight:recipes/farmersdelight/iron_knife": {
    "criteria": {
      "has_iron_ingot": "2024-09-08 03:44:30 +0000"
    },
    "done": true
  },
  "minecraft:recipes/redstone/birch_fence_gate": {
    "criteria": {
      "has_planks": "2024-09-08 03:07:31 +0000"
    },
    "done": true
  },
  "minecraft:recipes/combat/crossbow": {
    "criteria": {
      "has_stick": "2024-09-08 00:37:04 +0000"
    },
    "done": true
  },
  "minecraft:adventure/totem_of_undying": {
    "criteria": {
      "used_totem": "2024-09-08 00:52:31 +0000"
    },
    "done": true
  },
  "minecraft:recipes/combat/iron_chestplate": {
    "criteria": {
      "has_iron_ingot": "2024-09-08 03:44:30 +0000"
    },
    "done": true
  },
  "minecraft:recipes/building_blocks/yellow_wool": {
    "criteria": {
      "has_white_wool": "2024-09-08 00:38:04 +0000"
    },
    "done": true
  },
  "minecraft:recipes/decorations/oak_sign": {
    "criteria": {
      "has_oak_planks": "2024-09-08 00:36:45 +0000"
    },
    "done": true
  },
  "minecraft:recipes/food/cooked_porkchop_from_smoking": {
    "criteria": {
      "has_porkchop": "2024-09-08 00:37:47 +0000"
    },
    "done": true
  },
  "minecraft:recipes/redstone/oak_trapdoor": {
    "criteria": {
      "has_planks": "2024-09-08 00:36:45 +0000"
    },
    "done": true
  },
  "pfm:recipes/pfm.furniture/acacia_chair": {
    "criteria": {
      "has_planks": "2024-09-08 01:31:03 +0000"
    },
    "done": true
  },
  "minecraft:recipes/building_blocks/polished_diorite_from_diorite_stonecutting": {
    "criteria": {
      "has_diorite": "2024-09-08 03:32:54 +0000"
    },
    "done": true
  },
  "minecraft:recipes/building_blocks/red_concrete_powder": {
    "criteria": {
      "has_sand": "2024-09-08 02:20:14 +0000"
    },
    "done": true
  },
  "pfm:recipes/pfm.furniture/acacia_kitchen_wall_small_drawer": {
    "criteria": {
      "has_planks": "2024-09-08 01:31:03 +0000"
    },
    "done": true
  },
  "minecraft:recipes/misc/iron_nugget_from_blasting": {
    "criteria": {
      "has_iron_boots": "2024-09-08 01:32:21 +0000"
    },
    "done": true
  },
  "securitycraft:recipes/securitycraft/reinforced_diorite": {
    "criteria": {
      "has_cobblestone": "2024-09-08 03:32:22 +0000"
    },
    "done": true
  },
  "securitycraft:recipes/securitycraft/trophy_system": {
    "criteria": {
      "has_iron": "2024-09-08 03:44:30 +0000"
    },
    "done": true
  },
  "minecraft:adventure/kill_a_mob": {
    "criteria": {
      "minecraft:zombie": "2024-09-08 01:20:59 +0000"
    },
    "done": true
  },
  "pfm:recipes/pfm.furniture/birch_kitchen_drawer": {
    "criteria": {
      "has_planks": "2024-09-08 03:07:31 +0000"
    },
    "done": true
  },
  "securitycraft:recipes/securitycraft/camera_monitor": {
    "criteria": {
      "has_iron": "2024-09-08 03:44:30 +0000"
    },
    "done": true
  },
  "dungeons_arise:find_wishing_well": {
    "criteria": {
      "location0": "2024-09-08 02:29:07 +0000"
    },
    "done": true
  },
  "minecraft:recipes/tools/golden_pickaxe": {
    "criteria": {
      "has_gold_ingot": "2024-09-08 01:23:40 +0000"
    },
    "done": true
  },
  "minecraft:recipes/decorations/diorite_wall": {
    "criteria": {
      "has_diorite": "2024-09-08 03:32:54 +0000"
    },
    "done": true
  },
  "securitycraft:recipes/securitycraft/limited_use_keycard": {
    "criteria": {
      "has_iron": "2024-09-08 03:44:30 +0000"
    },
    "done": true
  },
  "pfm:recipes/pfm.furniture/oak_kitchen_sink": {
    "criteria": {
      "has_planks": "2024-09-08 00:36:45 +0000"
    },
    "done": true
  },
  "pfm:recipes/pfm.furniture/oak_kitchen_cabinet": {
    "criteria": {
      "has_planks": "2024-09-08 00:36:45 +0000"
    },
    "done": true
  },
  "pfm:recipes/pfm.furniture/acacia_chair_dinner": {
    "criteria": {
      "has_planks": "2024-09-08 01:31:03 +0000"
    },
    "done": true
  },
  "minecraft:recipes/building_blocks/stone": {
    "criteria": {
      "has_cobblestone": "2024-09-08 03:32:22 +0000"
    },
    "done": true
  },
  "pfm:recipes/pfm.furniture/oak_modern_stool": {
    "criteria": {
      "has_planks": "2024-09-08 00:36:45 +0000"
    },
    "done": true
  },
  "minecraft:adventure/adventuring_time": {
    "criteria": {
      "minecraft:mountains": "2024-09-08 03:40:16 +0000",
      "minecraft:river": "2024-09-08 00:36:08 +0000",
      "minecraft:wooded_mountains": "2024-09-08 04:22:36 +0000",
      "minecraft:swamp": "2024-09-08 00:51:00 +0000",
      "atmospheric:rocky_dunes": "2024-09-08 02:53:19 +0000",
      "atmospheric:dunes": "2024-09-08 02:51:37 +0000",
      "minecraft:forest": "2024-09-08 02:46:11 +0000",
      "minecraft:desert": "2024-09-08 00:36:11 +0000",
      "minecraft:wooded_hills": "2024-09-08 03:04:29 +0000",
      "minecraft:savanna": "2024-09-08 00:51:34 +0000",
      "minecraft:plains": "2024-09-08 00:33:56 +0000"
    },
    "done": false
  },
  "pfm:recipes/pfm.furniture/stripped_spruce_table_log": {
    "criteria": {
      "has_log": "2024-09-08 03:33:18 +0000"
    },
    "done": true
  },
  "minecraft:recipes/misc/book": {
    "criteria": {
      "has_paper": "2024-09-08 19:55:13 +0000"
    },
    "done": true
  },
  "securitycraft:recipes/securitycraft/whitelist_module": {
    "criteria": {
      "has_iron": "2024-09-08 03:44:30 +0000"
    },
    "done": true
  },
  "minecraft:recipes/combat/stone_sword": {
    "criteria": {
      "has_cobblestone": "2024-09-08 03:32:22 +0000"
    },
    "done": true
  },
  "pfm:recipes/pfm.furniture/pink_simple_sofa": {
    "criteria": {
      "has_wool": "2024-09-08 00:36:37 +0000"
    },
    "done": true
  },
  "minecraft:recipes/decorations/barrel": {
    "criteria": {
      "has_planks": "2024-09-08 00:36:45 +0000"
    },
    "done": true
  },
  "securitycraft:recipes/securitycraft/reinforced_warped_fence": {
    "criteria": {
      "has_stick": "2024-09-08 00:37:04 +0000"
    },
    "done": true
  },
  "minecraft:recipes/decorations/cobblestone_wall": {
    "criteria": {
      "has_cobblestone": "2024-09-08 03:32:22 +0000"
    },
    "done": true
  },
  "pfm:recipes/pfm.furniture/acacia_simple_stool": {
    "criteria": {
      "has_planks": "2024-09-08 01:31:03 +0000"
    },
    "done": true
  },
  "minecraft:recipes/tools/stone_pickaxe": {
    "criteria": {
      "has_cobblestone": "2024-09-08 03:32:22 +0000"
    },
    "done": true
  },
  "minecraft:recipes/decorations/smithing_table": {
    "criteria": {
      "has_iron_ingot": "2024-09-08 03:44:30 +0000"
    },
    "done": true
  },
  "pfm:recipes/pfm.furniture/oak_table_basic": {
    "criteria": {
      "has_planks": "2024-09-08 00:36:45 +0000"
    },
    "done": true
  },
  "pfm:recipes/pfm.furniture/stripped_spruce_modern_stool": {
    "criteria": {
      "has_planks": "2024-09-08 03:33:18 +0000"
    },
    "done": true
  },
  "minecraft:husbandry/plant_seed": {
    "criteria": {
      "melon_stem": "2024-09-08 04:44:34 +0000"
    },
    "done": true
  },
  "minecraft:recipes/combat/leather_boots": {
    "criteria": {
      "has_leather": "2024-09-08 04:36:19 +0000"
    },
    "done": true
  },
  "minecraft:recipes/decorations/cobblestone_wall_from_cobblestone_stonecutting": {
    "criteria": {
      "has_cobblestone": "2024-09-08 03:32:22 +0000"
    },
    "done": true
  },
  "pfm:recipes/pfm.furniture/yellow_arm_chair": {
    "criteria": {
      "has_wool": "2024-09-08 00:36:37 +0000"
    },
    "done": true
  },
  "minecraft:recipes/misc/black_dye": {
    "criteria": {
      "has_ink_sac": "2024-09-08 04:44:44 +0000"
    },
    "done": true
  },
  "pfm:recipes/pfm.furniture/oak_chair_classic_white": {
    "criteria": {
      "oak_chair_classic_white": "2024-09-08 00:38:04 +0000"
    },
    "done": true
  },
  "minecraft:recipes/building_blocks/diamond_block": {
    "criteria": {
      "has_diamond": "2024-09-08 04:25:33 +0000"
    },
    "done": true
  },
  "pfm:recipes/pfm.furniture/birch_log_stool": {
    "criteria": {
      "has_log": "2024-09-08 03:07:18 +0000"
    },
    "done": true
  },
  "pfm:recipes/pfm.furniture/crimson_orange_simple_bed": {
    "criteria": {
      "has_bed": "2024-09-08 03:30:47 +0000"
    },
    "done": true
  },
  "minecraft:recipes/building_blocks/lapis_block": {
    "criteria": {
      "has_lapis": "2024-09-08 04:25:33 +0000"
    },
    "done": true
  },
  "minecraft:recipes/decorations/acacia_sign": {
    "criteria": {
      "has_acacia_planks": "2024-09-08 01:31:03 +0000"
    },
    "done": true
  },
  "dungeons_arise:wda_root": {
    "criteria": {
      "WDA": "2024-09-08 00:33:56 +0000"
    },
    "done": true
  },
  "pfm:recipes/root": {
    "criteria": {
      "has_planks": "2024-09-08 00:36:45 +0000"
    },
    "done": true
  },
  "pfm:recipes/pfm.furniture/birch_chair_classic": {
    "criteria": {
      "has_planks": "2024-09-08 03:07:31 +0000"
    },
    "done": true
  },
  "securitycraft:recipes/securitycraft/universal_owner_changer": {
    "criteria": {
      "has_name_tag": "2024-09-08 01:32:21 +0000"
    },
    "done": true
  },
  "pfm:recipes/pfm.furniture/oak_kitchen_wall_small_drawer": {
    "criteria": {
      "has_planks": "2024-09-08 00:36:45 +0000"
    },
    "done": true
  },
  "pfm:recipes/pfm.furniture/jungle_orange_classic_bed": {
    "criteria": {
      "has_bed": "2024-09-08 03:30:47 +0000"
    },
    "done": true
  },
  "minecraft:recipes/decorations/lantern": {
    "criteria": {
      "has_iron_ingot": "2024-09-08 03:44:30 +0000"
    },
    "done": true
  },
  "pfm:recipes/pfm.furniture/brown_simple_sofa": {
    "criteria": {
      "has_wool": "2024-09-08 00:36:37 +0000"
    },
    "done": true
  },
  "securitycraft:recipes/securitycraft/reinforced_oak_fence_gate": {
    "criteria": {
      "has_stick": "2024-09-08 00:37:04 +0000"
    },
    "done": true
  },
  "pfm:recipes/pfm.furniture/oak_table_modern_dinner": {
    "criteria": {
      "has_planks": "2024-09-08 00:36:45 +0000"
    },
    "done": true
  },
  "pfm:recipes/pfm.furniture/stripped_spruce_kitchen_wall_drawer": {
    "criteria": {
      "has_planks": "2024-09-08 03:33:18 +0000"
    },
    "done": true
  },
  "minecraft:recipes/misc/gold_nugget_from_smelting": {
    "criteria": {
      "has_golden_chestplate": "2024-09-08 01:23:40 +0000"
    },
    "done": true
  },
  "pfm:recipes/pfm.furniture/stripped_acacia_kitchen_cabinet": {
    "criteria": {
      "has_planks": "2024-09-08 04:52:57 +0000"
    },
    "done": true
  },
  "minecraft:recipes/building_blocks/polished_diorite": {
    "criteria": {
      "has_stone": "2024-09-08 03:32:54 +0000"
    },
    "done": true
  },
  "minecraft:recipes/building_blocks/light_gray_wool": {
    "criteria": {
      "has_white_wool": "2024-09-08 00:38:04 +0000"
    },
    "done": true
  },
  "minecraft:recipes/decorations/andesite_wall": {
    "criteria": {
      "has_andesite": "2024-09-08 03:55:03 +0000"
    },
    "done": true
  },
  "minecraft:recipes/building_blocks/andesite_slab": {
    "criteria": {
      "has_andesite": "2024-09-08 03:55:03 +0000"
    },
    "done": true
  },
  "minecraft:recipes/building_blocks/red_wool": {
    "criteria": {
      "has_white_wool": "2024-09-08 00:38:04 +0000"
    },
    "done": true
  },
  "minecraft:recipes/building_blocks/acacia_stairs": {
    "criteria": {
      "has_planks": "2024-09-08 01:31:03 +0000"
    },
    "done": true
  },
  "pfm:recipes/pfm.furniture/stripped_spruce_kitchen_sink": {
    "criteria": {
      "has_planks": "2024-09-08 03:33:18 +0000"
    },
    "done": true
  },
  "minecraft:recipes/tools/stone_axe": {
    "criteria": {
      "has_cobblestone": "2024-09-08 03:32:22 +0000"
    },
    "done": true
  },
  "minecraft:recipes/food/cooked_mutton": {
    "criteria": {
      "has_mutton": "2024-09-08 00:38:04 +0000"
    },
    "done": true
  },
  "securitycraft:recipes/securitycraft/disguise_module": {
    "criteria": {
      "has_iron": "2024-09-08 03:44:30 +0000"
    },
    "done": true
  },
  "minecraft:recipes/misc/white_dye_from_lily_of_the_valley": {
    "criteria": {
      "has_white_flower": "2024-09-08 18:05:42 +0000"
    },
    "done": true
  },
  "pfm:recipes/pfm.furniture/acacia_classic_stool": {
    "criteria": {
      "has_planks": "2024-09-08 01:31:03 +0000"
    },
    "done": true
  },
  "minecraft:recipes/decorations/soul_torch": {
    "criteria": {
      "has_soul_sand": "2024-09-08 01:31:53 +0000"
    },
    "done": true
  },
  "securitycraft:recipes/securitycraft/reinforced_dark_oak_fence": {
    "criteria": {
      "has_stick": "2024-09-08 00:37:04 +0000"
    },
    "done": true
  },
  "pfm:recipes/pfm.furniture/light_blue_arm_chair": {
    "criteria": {
      "has_wool": "2024-09-08 00:36:37 +0000"
    },
    "done": true
  },
  "pfm:recipes/pfm.furniture/stripped_acacia_table_modern_dinner": {
    "criteria": {
      "has_planks": "2024-09-08 04:52:57 +0000"
    },
    "done": true
  },
  "farmersdelight:recipes/farmersdelight/wheat_dough_from_eggs": {
    "criteria": {
      "has_wheat": "2024-09-08 02:27:19 +0000"
    },
    "done": true
  },
  "minecraft:recipes/building_blocks/purple_wool": {
    "criteria": {
      "has_white_wool": "2024-09-08 00:38:04 +0000"
    },
    "done": true
  },
  "alexsmobs:alexsmobs/emu": {
    "criteria": {
      "killed_by": "2024-09-08 01:30:33 +0000"
    },
    "done": true
  },
  "pfm:recipes/pfm.furniture/stripped_spruce_kitchen_wall_small_drawer": {
    "criteria": {
      "has_planks": "2024-09-08 03:33:18 +0000"
    },
    "done": true
  },
  "pfm:recipes/pfm.furniture/magenta_arm_chair": {
    "criteria": {
      "has_wool": "2024-09-08 00:36:37 +0000"
    },
    "done": true
  },
  "minecraft:recipes/building_blocks/cobblestone_stairs_from_cobblestone_stonecutting": {
    "criteria": {
      "has_cobblestone": "2024-09-08 03:32:22 +0000"
    },
    "done": true
  },
  "minecraft:recipes/building_blocks/magenta_concrete_powder": {
    "criteria": {
      "has_sand": "2024-09-08 02:20:14 +0000"
    },
    "done": true
  },
  "pfm:recipes/pfm.furniture/stripped_acacia_kitchen_sink": {
    "criteria": {
      "has_planks": "2024-09-08 04:52:57 +0000"
    },
    "done": true
  },
  "minecraft:recipes/misc/wheat": {
    "criteria": {
      "has_hay_block": "2024-09-08 03:02:48 +0000"
    },
    "done": true
  },
  "minecraft:recipes/decorations/white_bed": {
    "criteria": {
      "has_white_wool": "2024-09-08 00:38:04 +0000"
    },
    "done": true
  },
  "minecraft:recipes/building_blocks/polished_andesite_stairs_from_andesite_stonecutting": {
    "criteria": {
      "has_andesite": "2024-09-08 03:55:03 +0000"
    },
    "done": true
  },
  "securitycraft:recipes/securitycraft/reinforced_spruce_fence": {
    "criteria": {
      "has_stick": "2024-09-08 00:37:04 +0000"
    },
    "done": true
  },
  "minecraft:recipes/redstone/birch_pressure_plate": {
    "criteria": {
      "has_planks": "2024-09-08 03:07:31 +0000"
    },
    "done": true
  },
  "minecraft:recipes/decorations/campfire": {
    "criteria": {
      "has_stick": "2024-09-08 00:37:04 +0000"
    },
    "done": true
  },
  "minecraft:recipes/tools/golden_hoe": {
    "criteria": {
      "has_gold_ingot": "2024-09-08 01:23:40 +0000"
    },
    "done": true
  },
  "minecraft:recipes/food/bread": {
    "criteria": {
      "has_wheat": "2024-09-08 02:27:19 +0000"
    },
    "done": true
  },
  "minecraft:recipes/building_blocks/diorite_slab_from_diorite_stonecutting": {
    "criteria": {
      "has_diorite": "2024-09-08 03:32:54 +0000"
    },
    "done": true
  },
  "pfm:recipes/pfm.furniture/birch_kitchen_counter_oven": {
    "criteria": {
      "has_planks": "2024-09-08 03:07:31 +0000"
    },
    "done": true
  },
  "minecraft:recipes/misc/iron_nugget": {
    "criteria": {
      "has_iron_ingot": "2024-09-08 03:44:30 +0000"
    },
    "done": true
  },
  "minecraft:recipes/building_blocks/brown_concrete_powder": {
    "criteria": {
      "has_sand": "2024-09-08 02:20:14 +0000"
    },
    "done": true
  },
  "pfm:recipes/pfm.furniture/stripped_spruce_chair_modern": {
    "criteria": {
      "has_planks": "2024-09-08 03:33:18 +0000"
    },
    "done": true
  },
  "securitycraft:recipes/securitycraft/track_mine": {
    "criteria": {
      "has_iron": "2024-09-08 03:44:30 +0000"
    },
    "done": true
  },
  "pfm:recipes/pfm.furniture/purple_simple_sofa": {
    "criteria": {
      "has_wool": "2024-09-08 00:36:37 +0000"
    },
    "done": true
  },
  "minecraft:recipes/combat/diamond_sword": {
    "criteria": {
      "has_diamond": "2024-09-08 04:25:33 +0000"
    },
    "done": true
  },
  "minecraft:recipes/building_blocks/cyan_wool": {
    "criteria": {
      "has_white_wool": "2024-09-08 00:38:04 +0000"
    },
    "done": true
  },
  "pfm:recipes/pfm.furniture/birch_table_log": {
    "criteria": {
      "has_log": "2024-09-08 03:07:31 +0000"
    },
    "done": true
  },
  "minecraft:recipes/misc/white_dye": {
    "criteria": {
      "has_bone_meal": "2024-09-08 20:22:29 +0000"
    },
    "done": true
  },
  "pfm:recipes/pfm.furniture/wall_toilet_paper": {
    "criteria": {
      "has_paper": "2024-09-08 19:55:13 +0000"
    },
    "done": true
  },
  "pfm:recipes/pfm.furniture/birch_modern_stool": {
    "criteria": {
      "has_planks": "2024-09-08 03:07:31 +0000"
    },
    "done": true
  },
  "valhelsia_structures:recipes/valhelsia_structures_main/bone_pile": {
    "criteria": {
      "has_item": "2024-09-08 01:31:28 +0000"
    },
    "done": true
  },
  "pfm:recipes/pfm.furniture/iron_microwave": {
    "criteria": {
      "has_iron_ingot": "2024-09-08 03:44:30 +0000"
    },
    "done": true
  },
  "securitycraft:recipes/securitycraft/reinforced_oak_fence": {
    "criteria": {
      "has_stick": "2024-09-08 00:37:04 +0000"
    },
    "done": true
  },
  "minecraft:recipes/transportation/spruce_boat": {
    "criteria": {
      "in_water": "2024-09-08 00:42:47 +0000"
    },
    "done": true
  },
  "minecraft:recipes/decorations/jukebox": {
    "criteria": {
      "has_diamond": "2024-09-08 04:25:33 +0000"
    },
    "done": true
  },
  "dungeons_arise:find_abandoned_temple": {
    "criteria": {
      "location0": "2024-09-08 04:22:56 +0000"
    },
    "done": true
  },
  "securitycraft:recipes/securitycraft/blacklist_module": {
    "criteria": {
      "has_iron": "2024-09-08 03:44:30 +0000"
    },
    "done": true
  },
  "minecraft:recipes/tools/flint_and_steel": {
    "criteria": {
      "has_flint": "2024-09-08 01:23:40 +0000"
    },
    "done": true
  },
  "securitycraft:recipes/securitycraft/speed_module": {
    "criteria": {
      "has_iron": "2024-09-08 03:44:30 +0000"
    },
    "done": true
  },
  "pfm:recipes/pfm.furniture/stripped_acacia_kitchen_wall_small_drawer": {
    "criteria": {
      "has_planks": "2024-09-08 04:52:57 +0000"
    },
    "done": true
  },
  "pfm:recipes/pfm.furniture/spruce_orange_classic_bed": {
    "criteria": {
      "has_bed": "2024-09-08 03:30:47 +0000"
    },
    "done": true
  },
  "securitycraft:recipes/securitycraft/harming_module": {
    "criteria": {
      "has_iron": "2024-09-08 03:44:30 +0000"
    },
    "done": true
  },
  "pfm:recipes/pfm.furniture/acacia_kitchen_sink": {
    "criteria": {
      "has_planks": "2024-09-08 01:31:03 +0000"
    },
    "done": true
  },
  "minecraft:recipes/building_blocks/gray_wool": {
    "criteria": {
      "has_white_wool": "2024-09-08 00:38:04 +0000"
    },
    "done": true
  },
  "pfm:recipes/pfm.furniture/oak_kitchen_wall_drawer": {
    "criteria": {
      "has_planks": "2024-09-08 00:36:45 +0000"
    },
    "done": true
  },
  "alexsmobs:alexsmobs/kangaroo": {
    "criteria": {
      "killed_by": "2024-09-08 18:15:10 +0000"
    },
    "done": true
  },
  "minecraft:recipes/misc/gold_nugget": {
    "criteria": {
      "has_gold_ingot": "2024-09-08 01:23:40 +0000"
    },
    "done": true
  },
  "pfm:recipes/pfm.furniture/stripped_spruce_table_modern_dinner": {
    "criteria": {
      "has_planks": "2024-09-08 03:33:18 +0000"
    },
    "done": true
  },
  "minecraft:husbandry/balanced_diet": {
    "criteria": {
      "cooked_porkchop": "2024-09-08 17:52:30 +0000",
      "porkchop": "2024-09-08 00:47:39 +0000",
      "atmospheric:aloe_leaves": "2024-09-08 03:02:53 +0000",
      "apple": "2024-09-08 04:25:00 +0000",
      "golden_apple": "2024-09-08 01:34:02 +0000",
      "bread": "2024-09-08 03:02:43 +0000",
      "golden_carrot": "2024-09-08 18:07:49 +0000",
      "carrot": "2024-09-08 00:53:57 +0000"
    },
    "done": false
  },
  "minecraft:recipes/tools/wooden_hoe": {
    "criteria": {
      "has_stick": "2024-09-08 00:37:04 +0000"
    },
    "done": true
  },
  "minecraft:recipes/misc/bucket": {
    "criteria": {
      "has_iron_ingot": "2024-09-08 03:44:30 +0000"
    },
    "done": true
  },
  "pfm:recipes/pfm.furniture/kousa_atmospheric_orange_classic_bed": {
    "criteria": {
      "has_bed": "2024-09-08 03:30:47 +0000"
    },
    "done": true
  },
  "pfm:recipes/pfm.furniture/stripped_acacia_chair": {
    "criteria": {
      "has_planks": "2024-09-08 04:52:57 +0000"
    },
    "done": true
  },
  "minecraft:recipes/building_blocks/cobblestone_stairs": {
    "criteria": {
      "has_cobblestone": "2024-09-08 03:32:22 +0000"
    },
    "done": true
  },
  "minecraft:recipes/building_blocks/diorite_slab": {
    "criteria": {
      "has_diorite": "2024-09-08 03:32:54 +0000"
    },
    "done": true
  },
  "minecraft:recipes/building_blocks/birch_slab": {
    "criteria": {
      "has_planks": "2024-09-08 03:07:31 +0000"
    },
    "done": true
  },
  "pfm:recipes/pfm.furniture/stripped_acacia_kitchen_counter_oven": {
    "criteria": {
      "has_planks": "2024-09-08 04:52:57 +0000"
    },
    "done": true
  },
  "alexsmobs:alexsmobs/rattlesnake": {
    "criteria": {
      "killed_by": "2024-09-08 02:44:49 +0000"
    },
    "done": true
  },
  "pfm:recipes/pfm.furniture/cyan_simple_sofa": {
    "criteria": {
      "has_wool": "2024-09-08 00:36:37 +0000"
    },
    "done": true
  },
  "pfm:recipes/pfm.furniture/birch_kitchen_wall_counter": {
    "criteria": {
      "has_planks": "2024-09-08 03:07:31 +0000"
    },
    "done": true
  },
  "securitycraft:recipes/securitycraft/redstone_module": {
    "criteria": {
      "has_iron": "2024-09-08 03:44:30 +0000"
    },
    "done": true
  },
  "minecraft:recipes/decorations/white_banner": {
    "criteria": {
      "has_white_wool": "2024-09-08 00:38:04 +0000"
    },
    "done": true
  },
  "minecraft:recipes/building_blocks/light_blue_concrete_powder": {
    "criteria": {
      "has_sand": "2024-09-08 02:20:14 +0000"
    },
    "done": true
  },
  "pfm:recipes/pfm.furniture/birch_table_dinner": {
    "criteria": {
      "has_planks": "2024-09-08 03:07:31 +0000"
    },
    "done": true
  },
  "pfm:recipes/pfm.furniture/birch_chair_dinner": {
    "criteria": {
      "has_planks": "2024-09-08 03:07:31 +0000"
    },
    "done": true
  },
  "minecraft:recipes/decorations/mossy_cobblestone_wall": {
    "criteria": {
      "has_mossy_cobblestone": "2024-09-08 03:35:26 +0000"
    },
    "done": true
  },
  "pfm:recipes/pfm.furniture/white_simple_sofa": {
    "criteria": {
      "has_wool": "2024-09-08 00:36:37 +0000"
    },
    "done": true
  },
  "minecraft:recipes/building_blocks/hay_block": {
    "criteria": {
      "has_wheat": "2024-09-08 02:27:19 +0000"
    },
    "done": true
  },
  "pfm:recipes/pfm.furniture/stripped_spruce_table_dinner": {
    "criteria": {
      "has_planks": "2024-09-08 03:33:18 +0000"
    },
    "done": true
  },
  "minecraft:recipes/misc/leather_horse_armor": {
    "criteria": {
      "has_leather": "2024-09-08 04:36:19 +0000"
    },
    "done": true
  },
  "minecraft:recipes/building_blocks/glass": {
    "criteria": {
      "has_sand": "2024-09-08 02:20:14 +0000"
    },
    "done": true
  },
  "minecraft:recipes/tools/golden_shovel": {
    "criteria": {
      "has_gold_ingot": "2024-09-08 01:23:40 +0000"
    },
    "done": true
  },
  "minecraft:recipes/combat/iron_helmet": {
    "criteria": {
      "has_iron_ingot": "2024-09-08 03:44:30 +0000"
    },
    "done": true
  },
  "minecraft:recipes/combat/bow": {
    "criteria": {
      "has_string": "2024-09-08 01:32:03 +0000"
    },
    "done": true
  },
  "minecraft:recipes/decorations/mossy_cobblestone_wall_from_mossy_cobblestone_stonecutting": {
    "criteria": {
      "has_mossy_cobblestone": "2024-09-08 03:35:26 +0000"
    },
    "done": true
  },
  "pfm:recipes/pfm.furniture/oak_classic_nightstand": {
    "criteria": {
      "has_planks": "2024-09-08 00:36:45 +0000"
    },
    "done": true
  },
  "minecraft:recipes/redstone/oak_fence_gate": {
    "criteria": {
      "has_planks": "2024-09-08 00:36:45 +0000"
    },
    "done": true
  },
  "minecraft:recipes/redstone/tnt": {
    "criteria": {
      "has_gunpowder": "2024-09-08 03:48:01 +0000"
    },
    "done": true
  },
  "minecraft:recipes/building_blocks/acacia_slab": {
    "criteria": {
      "has_planks": "2024-09-08 01:31:03 +0000"
    },
    "done": true
  },
  "pfm:recipes/pfm.furniture/oak_raw_table_log": {
    "criteria": {
      "has_log": "2024-09-08 00:36:37 +0000"
    },
    "done": true
  },
  "minecraft:recipes/building_blocks/purple_concrete_powder": {
    "criteria": {
      "has_sand": "2024-09-08 02:20:14 +0000"
    },
    "done": true
  },
  "dungeons_arise:find_illager_windmill": {
    "criteria": {
      "location0": "2024-09-08 02:28:32 +0000"
    },
    "done": true
  },
  "pfm:recipes/pfm.furniture/birch_raw_table_log": {
    "criteria": {
      "has_log": "2024-09-08 03:07:18 +0000"
    },
    "done": true
  },
  "minecraft:recipes/decorations/diorite_wall_from_diorite_stonecutting": {
    "criteria": {
      "has_diorite": "2024-09-08 03:32:54 +0000"
    },
    "done": true
  },
  "securitycraft:recipes/securitycraft/reinforced_birch_fence_gate": {
    "criteria": {
      "has_stick": "2024-09-08 00:37:04 +0000"
    },
    "done": true
  },
  "minecraft:recipes/combat/diamond_chestplate": {
    "criteria": {
      "has_diamond": "2024-09-08 04:25:33 +0000"
    },
    "done": true
  },
  "pfm:recipes/pfm.furniture/magenta_simple_sofa": {
    "criteria": {
      "has_wool": "2024-09-08 00:36:37 +0000"
    },
    "done": true
  },
  "minecraft:story/mine_stone": {
    "criteria": {
      "get_stone": "2024-09-08 03:32:22 +0000"
    },
    "done": true
  },
  "minecraft:recipes/redstone/target": {
    "criteria": {
      "has_hay_block": "2024-09-08 03:02:48 +0000"
    },
    "done": true
  },
  "pfm:recipes/pfm.furniture/spruce_orange_simple_bed": {
    "criteria": {
      "has_bed": "2024-09-08 03:30:47 +0000"
    },
    "done": true
  },
  "minecraft:recipes/decorations/furnace": {
    "criteria": {
      "has_cobblestone": "2024-09-08 03:32:22 +0000"
    },
    "done": true
  },
  "minecraft:recipes/transportation/minecart": {
    "criteria": {
      "has_iron_ingot": "2024-09-08 03:44:30 +0000"
    },
    "done": true
  },
  "securitycraft:recipes/securitycraft/reinforced_acacia_fence_gate": {
    "criteria": {
      "has_stick": "2024-09-08 00:37:04 +0000"
    },
    "done": true
  },
  "pfm:recipes/pfm.furniture/stripped_spruce_raw_table_log": {
    "criteria": {
      "has_log": "2024-09-08 03:33:18 +0000"
    },
    "done": true
  },
  "minecraft:recipes/misc/charcoal": {
    "criteria": {
      "has_log": "2024-09-08 00:36:37 +0000"
    },
    "done": true
  },
  "minecraft:recipes/building_blocks/andesite_stairs": {
    "criteria": {
      "has_andesite": "2024-09-08 03:55:03 +0000"
    },
    "done": true
  },
  "minecraft:recipes/building_blocks/orange_wool": {
    "criteria": {
      "has_white_wool": "2024-09-08 00:38:04 +0000"
    },
    "done": true
  },
  "minecraft:recipes/tools/wooden_pickaxe": {
    "criteria": {
      "has_stick": "2024-09-08 00:37:04 +0000"
    },
    "done": true
  },
  "minecraft:recipes/tools/iron_hoe": {
    "criteria": {
      "has_iron_ingot": "2024-09-08 03:44:30 +0000"
    },
    "done": true
  },
  "minecraft:husbandry/root": {
    "criteria": {
      "consumed_item": "2024-09-08 00:47:39 +0000"
    },
    "done": true
  },
  "pfm:recipes/pfm.furniture/black_arm_chair": {
    "criteria": {
      "has_wool": "2024-09-08 00:36:37 +0000"
    },
    "done": true
  },
  "pfm:recipes/pfm.furniture/orange_arm_chair": {
    "criteria": {
      "has_wool": "2024-09-08 00:36:37 +0000"
    },
    "done": true
  },
  "minecraft:recipes/transportation/birch_boat": {
    "criteria": {
      "in_water": "2024-09-08 00:42:47 +0000"
    },
    "done": true
  },
  "minecraft:recipes/food/golden_apple": {
    "criteria": {
      "has_gold_ingot": "2024-09-08 01:23:40 +0000"
    },
    "done": true
  },
  "pfm:recipes/pfm.furniture/light_blue_simple_sofa": {
    "criteria": {
      "has_wool": "2024-09-08 00:36:37 +0000"
    },
    "done": true
  },
  "securitycraft:recipes/securitycraft/sonic_security_system": {
    "criteria": {
      "has_stick": "2024-09-08 00:37:04 +0000"
    },
    "done": true
  },
  "pfm:recipes/pfm.furniture/acacia_log_stool": {
    "criteria": {
      "has_log": "2024-09-08 01:30:59 +0000"
    },
    "done": true
  },
  "minecraft:recipes/building_blocks/green_concrete_powder": {
    "criteria": {
      "has_sand": "2024-09-08 02:20:14 +0000"
    },
    "done": true
  },
  "minecraft:recipes/decorations/enchanting_table": {
    "criteria": {
      "has_obsidian": "2024-09-08 04:31:50 +0000"
    },
    "done": true
  },
  "minecraft:recipes/building_blocks/polished_andesite_from_andesite_stonecutting": {
    "criteria": {
      "has_andesite": "2024-09-08 03:55:03 +0000"
    },
    "done": true
  },
  "minecraft:recipes/tools/iron_shovel": {
    "criteria": {
      "has_iron_ingot": "2024-09-08 03:44:30 +0000"
    },
    "done": true
  },
  "minecraft:recipes/redstone/acacia_door": {
    "criteria": {
      "has_planks": "2024-09-08 01:31:03 +0000"
    },
    "done": true
  },
  "pfm:recipes/pfm.furniture/light_gray_arm_chair": {
    "criteria": {
      "has_wool": "2024-09-08 00:36:37 +0000"
    },
    "done": true
  },
  "pfm:recipes/pfm.furniture/birch_kitchen_counter": {
    "criteria": {
      "has_planks": "2024-09-08 03:07:31 +0000"
    },
    "done": true
  },
  "pfm:recipes/pfm.furniture/morado_atmospheric_orange_classic_bed": {
    "criteria": {
      "has_bed": "2024-09-08 03:30:47 +0000"
    },
    "done": true
  },
  "farmersdelight:main/root": {
    "criteria": {
      "seeds": "2024-09-08 00:33:56 +0000"
    },
    "done": true
  },
  "minecraft:recipes/decorations/item_frame": {
    "criteria": {
      "has_leather": "2024-09-08 04:36:19 +0000"
    },
    "done": true
  },
  "pfm:recipes/pfm.furniture/birch_chair": {
    "criteria": {
      "has_planks": "2024-09-08 03:07:31 +0000"
    },
    "done": true
  },
  "minecraft:recipes/tools/stone_hoe": {
    "criteria": {
      "has_cobblestone": "2024-09-08 03:32:22 +0000"
    },
    "done": true
  },
  "minecraft:recipes/tools/diamond_hoe": {
    "criteria": {
      "has_diamond": "2024-09-08 04:25:33 +0000"
    },
    "done": true
  },
  "pfm:recipes/pfm.furniture/birch_orange_simple_bed": {
    "criteria": {
      "has_bed": "2024-09-08 03:30:47 +0000"
    },
    "done": true
  },
  "minecraft:recipes/tools/diamond_shovel": {
    "criteria": {
      "has_diamond": "2024-09-08 04:25:33 +0000"
    },
    "done": true
  },
  "pfm:recipes/pfm.furniture/stripped_acacia_raw_table_log": {
    "criteria": {
      "has_log": "2024-09-08 04:52:57 +0000"
    },
    "done": true
  },
  "pfm:recipes/pfm.furniture/stripped_spruce_classic_stool": {
    "criteria": {
      "has_planks": "2024-09-08 03:33:18 +0000"
    },
    "done": true
  },
  "pfm:recipes/pfm.furniture/stripped_acacia_kitchen_drawer": {
    "criteria": {
      "has_planks": "2024-09-08 04:52:57 +0000"
    },
    "done": true
  },
  "farmersdelight:recipes/farmersdelight/wheat_dough_from_water": {
    "criteria": {
      "has_wheat": "2024-09-08 02:27:19 +0000"
    },
    "done": true
  },
  "minecraft:recipes/decorations/white_carpet": {
    "criteria": {
      "has_white_wool": "2024-09-08 00:38:04 +0000"
    },
    "done": true
  },
  "pfm:recipes/pfm.furniture/stripped_spruce_table_basic": {
    "criteria": {
      "has_planks": "2024-09-08 03:33:18 +0000"
    },
    "done": true
  },
  "valhelsia_structures:recipes/valhelsia_structures_main/birch_post": {
    "criteria": {
      "has_item": "2024-09-08 03:07:18 +0000"
    },
    "done": true
  },
  "pfm:recipes/pfm.furniture/stripped_spruce_kitchen_drawer": {
    "criteria": {
      "has_planks": "2024-09-08 03:33:18 +0000"
    },
    "done": true
  },
  "pfm:recipes/pfm.furniture/oak_kitchen_wall_counter": {
    "criteria": {
      "has_planks": "2024-09-08 00:36:45 +0000"
    },
    "done": true
  },
  "minecraft:recipes/redstone/birch_door": {
    "criteria": {
      "has_planks": "2024-09-08 03:07:31 +0000"
    },
    "done": true
  },
  "minecraft:story/mine_diamond": {
    "criteria": {
      "diamond": "2024-09-08 04:25:33 +0000"
    },
    "done": true
  },
  "pfm:recipes/pfm.furniture/arm_chair_leather": {
    "criteria": {
      "has_wool": "2024-09-08 00:36:37 +0000"
    },
    "done": true
  },
  "minecraft:story/upgrade_tools": {
    "criteria": {
      "stone_pickaxe": "2024-09-08 03:32:43 +0000"
    },
    "done": true
  },
  "pfm:recipes/pfm.furniture/stripped_acacia_kitchen_wall_counter": {
    "criteria": {
      "has_planks": "2024-09-08 04:52:57 +0000"
    },
    "done": true
  },
  "minecraft:recipes/combat/diamond_helmet": {
    "criteria": {
      "has_diamond": "2024-09-08 04:25:33 +0000"
    },
    "done": true
  },
  "pfm:recipes/pfm.furniture/oak_table_log": {
    "criteria": {
      "has_log": "2024-09-08 00:36:45 +0000"
    },
    "done": true
  },
  "minecraft:recipes/decorations/soul_lantern": {
    "criteria": {
      "has_soul_torch": "2024-09-08 17:57:24 +0000"
    },
    "done": true
  },
  "minecraft:recipes/transportation/oak_boat": {
    "criteria": {
      "in_water": "2024-09-08 00:42:47 +0000"
    },
    "done": true
  },
  "pfm:recipes/pfm.furniture/oak_chair_classic_gray": {
    "criteria": {
      "oak_chair_classic_gray": "2024-09-08 02:49:34 +0000"
    },
    "done": true
  },
  "pfm:recipes/pfm.furniture/yellow_simple_sofa": {
    "criteria": {
      "has_wool": "2024-09-08 00:36:37 +0000"
    },
    "done": true
  },
  "minecraft:recipes/decorations/birch_fence": {
    "criteria": {
      "has_planks": "2024-09-08 03:07:31 +0000"
    },
    "done": true
  },
  "minecraft:recipes/building_blocks/cyan_concrete_powder": {
    "criteria": {
      "has_sand": "2024-09-08 02:20:14 +0000"
    },
    "done": true
  },
  "minecraft:recipes/combat/golden_boots": {
    "criteria": {
      "has_gold_ingot": "2024-09-08 01:23:40 +0000"
    },
    "done": true
  },
  "pfm:recipes/pfm.furniture/birch_kitchen_wall_small_drawer": {
    "criteria": {
      "has_planks": "2024-09-08 03:07:31 +0000"
    },
    "done": true
  },
  "minecraft:recipes/tools/wooden_axe": {
    "criteria": {
      "has_stick": "2024-09-08 00:37:04 +0000"
    },
    "done": true
  },
  "minecraft:recipes/building_blocks/lime_wool": {
    "criteria": {
      "has_white_wool": "2024-09-08 00:38:04 +0000"
    },
    "done": true
  },
  "farmersdelight:main/plant_all_crops": {
    "criteria": {
      "melon": "2024-09-08 04:44:34 +0000"
    },
    "done": false
  },
  "minecraft:recipes/building_blocks/mossy_stone_bricks": {
    "criteria": {
      "has_mossy_cobblestone": "2024-09-08 03:35:26 +0000"
    },
    "done": true
  },
  "securitycraft:recipes/securitycraft/keycard_lv2": {
    "criteria": {
      "has_iron": "2024-09-08 03:44:30 +0000"
    },
    "done": true
  },
  "securitycraft:recipes/securitycraft/keycard_lv1": {
    "criteria": {
      "has_iron": "2024-09-08 03:44:30 +0000"
    },
    "done": true
  },
  "pfm:recipes/pfm.furniture/white_arm_chair": {
    "criteria": {
      "has_wool": "2024-09-08 00:36:37 +0000"
    },
    "done": true
  },
  "pfm:recipes/pfm.furniture/blue_arm_chair": {
    "criteria": {
      "has_wool": "2024-09-08 00:36:37 +0000"
    },
    "done": true
  },
  "minecraft:recipes/decorations/loom": {
    "criteria": {
      "has_string": "2024-09-08 01:32:03 +0000"
    },
    "done": true
  },
  "minecraft:recipes/building_blocks/green_wool": {
    "criteria": {
      "has_white_wool": "2024-09-08 00:38:04 +0000"
    },
    "done": true
  },
  "securitycraft:recipes/securitycraft/bouncing_betty": {
    "criteria": {
      "has_iron": "2024-09-08 03:44:30 +0000"
    },
    "done": true
  },
  "minecraft:recipes/tools/diamond_axe": {
    "criteria": {
      "has_diamond": "2024-09-08 04:25:33 +0000"
    },
    "done": true
  },
  "farmersdelight:recipes/farmersdelight/horse_feed": {
    "criteria": {
      "has_golden_carrot": "2024-09-08 17:55:43 +0000"
    },
    "done": true
  },
  "pfm:recipes/pfm.furniture/red_arm_chair": {
    "criteria": {
      "has_wool": "2024-09-08 00:36:37 +0000"
    },
    "done": true
  },
  "minecraft:recipes/building_blocks/brown_wool": {
    "criteria": {
      "has_white_wool": "2024-09-08 00:38:04 +0000"
    },
    "done": true
  },
  "minecraft:recipes/decorations/painting": {
    "criteria": {
      "has_wool": "2024-09-08 00:38:04 +0000"
    },
    "done": true
  },
  "pfm:recipes/pfm.furniture/oak_kitchen_drawer": {
    "criteria": {
      "has_planks": "2024-09-08 00:36:45 +0000"
    },
    "done": true
  },
  "alexsmobs:alexsmobs/guster": {
    "criteria": {
      "killed_by": "2024-09-08 01:27:02 +0000"
    },
    "done": true
  },
  "pfm:recipes/pfm.furniture/rosewood_atmospheric_orange_classic_bed": {
    "criteria": {
      "has_bed": "2024-09-08 03:30:47 +0000"
    },
    "done": true
  },
  "securitycraft:recipes/securitycraft/sc_manual": {
    "criteria": {
      "has_wood": "2024-09-08 00:36:37 +0000"
    },
    "done": true
  },
  "securitycraft:recipes/securitycraft/keycard_lv4": {
    "criteria": {
      "has_iron": "2024-09-08 03:44:30 +0000"
    },
    "done": true
  },
  "securitycraft:recipes/securitycraft/keycard_lv3": {
    "criteria": {
      "has_iron": "2024-09-08 03:44:30 +0000"
    },
    "done": true
  },
  "pfm:recipes/pfm.furniture/acacia_kitchen_counter_oven": {
    "criteria": {
      "has_planks": "2024-09-08 01:31:03 +0000"
    },
    "done": true
  },
  "minecraft:recipes/combat/arrow": {
    "criteria": {
      "has_flint": "2024-09-08 01:23:40 +0000"
    },
    "done": true
  },
  "minecraft:recipes/redstone/acacia_fence_gate": {
    "criteria": {
      "has_planks": "2024-09-08 01:31:03 +0000"
    },
    "done": true
  },
  "securitycraft:recipes/securitycraft/keycard_lv5": {
    "criteria": {
      "has_iron": "2024-09-08 03:44:30 +0000"
    },
    "done": true
  },
  "minecraft:recipes/building_blocks/andesite_slab_from_andesite_stonecutting": {
    "criteria": {
      "has_andesite": "2024-09-08 03:55:03 +0000"
    },
    "done": true
  },
  "minecraft:recipes/building_blocks/coal_block": {
    "criteria": {
      "has_coal": "2024-09-08 01:32:03 +0000"
    },
    "done": true
  },
  "minecraft:recipes/redstone/light_weighted_pressure_plate": {
    "criteria": {
      "has_gold_ingot": "2024-09-08 01:23:40 +0000"
    },
    "done": true
  },
  "minecraft:recipes/misc/gold_nugget_from_blasting": {
    "criteria": {
      "has_golden_chestplate": "2024-09-08 01:23:40 +0000"
    },
    "done": true
  },
  "minecraft:recipes/tools/stone_shovel": {
    "criteria": {
      "has_cobblestone": "2024-09-08 03:32:22 +0000"
    },
    "done": true
  },
  "securitycraft:recipes/securitycraft/reinforced_jungle_fence_gate": {
    "criteria": {
      "has_stick": "2024-09-08 00:37:04 +0000"
    },
    "done": true
  },
  "minecraft:recipes/building_blocks/blue_concrete_powder": {
    "criteria": {
      "has_sand": "2024-09-08 02:20:14 +0000"
    },
    "done": true
  },
  "minecraft:recipes/building_blocks/mossy_cobblestone_slab": {
    "criteria": {
      "has_mossy_cobblestone": "2024-09-08 03:35:26 +0000"
    },
    "done": true
  },
  "minecraft:recipes/building_blocks/diorite_stairs": {
    "criteria": {
      "has_diorite": "2024-09-08 03:32:54 +0000"
    },
    "done": true
  },
  "securitycraft:recipes/securitycraft/reinforced_andesite": {
    "criteria": {
      "has_cobblestone": "2024-09-08 03:32:22 +0000"
    },
    "done": true
  },
  "pfm:recipes/pfm.furniture/green_simple_sofa": {
    "criteria": {
      "has_wool": "2024-09-08 00:36:37 +0000"
    },
    "done": true
  },
  "valhelsia_structures:recipes/valhelsia_structures_main/oak_post": {
    "criteria": {
      "has_item": "2024-09-08 00:36:37 +0000"
    },
    "done": true
  },
  "minecraft:recipes/building_blocks/andesite": {
    "criteria": {
      "has_stone": "2024-09-08 03:32:54 +0000"
    },
    "done": true
  },
  "minecraft:recipes/combat/golden_helmet": {
    "criteria": {
      "has_gold_ingot": "2024-09-08 01:23:40 +0000"
    },
    "done": true
  },
  "securitycraft:recipes/securitycraft/floor_trap": {
    "criteria": {
      "has_iron": "2024-09-08 03:44:30 +0000"
    },
    "done": true
  },
  "minecraft:recipes/redstone/acacia_trapdoor": {
    "criteria": {
      "has_planks": "2024-09-08 01:31:03 +0000"
    },
    "done": true
  },
  "minecraft:recipes/redstone/oak_pressure_plate": {
    "criteria": {
      "has_planks": "2024-09-08 00:36:45 +0000"
    },
    "done": true
  },
  "pfm:recipes/pfm.furniture/stripped_acacia_table_basic": {
    "criteria": {
      "has_planks": "2024-09-08 04:52:57 +0000"
    },
    "done": true
  },
  "pfm:recipes/pfm.furniture/warped_orange_classic_bed": {
    "criteria": {
      "has_bed": "2024-09-08 03:30:47 +0000"
    },
    "done": true
  },
  "securitycraft:recipes/securitycraft/laser_block": {
    "criteria": {
      "has_stone": "2024-09-08 03:32:22 +0000"
    },
    "done": true
  },
  "pfm:recipes/pfm.furniture/stripped_acacia_simple_stool": {
    "criteria": {
      "has_planks": "2024-09-08 04:52:57 +0000"
    },
    "done": true
  },
  "pfm:recipes/pfm.furniture/grimwood_atmospheric_orange_classic_bed": {
    "criteria": {
      "has_bed": "2024-09-08 03:30:47 +0000"
    },
    "done": true
  },
  "minecraft:recipes/building_blocks/oak_wood": {
    "criteria": {
      "has_log": "2024-09-08 00:36:37 +0000"
    },
    "done": true
  },
  "pfm:recipes/pfm.furniture/stripped_spruce_kitchen_counter": {
    "criteria": {
      "has_planks": "2024-09-08 03:33:18 +0000"
    },
    "done": true
  },
  "minecraft:story/root": {
    "criteria": {
      "crafting_table": "2024-09-08 00:36:51 +0000"
    },
    "done": true
  },
  "pfm:recipes/pfm.furniture/birch_simple_stool": {
    "criteria": {
      "has_planks": "2024-09-08 03:07:31 +0000"
    },
    "done": true
  },
  "minecraft:story/form_obsidian": {
    "criteria": {
      "obsidian": "2024-09-08 04:31:50 +0000"
    },
    "done": true
  },
  "alexsmobs:alexsmobs/crocodile": {
    "criteria": {
      "killed_by": "2024-09-08 03:40:40 +0000"
    },
    "done": true
  },
  "pfm:recipes/pfm.furniture/oak_table_dinner": {
    "criteria": {
      "has_planks": "2024-09-08 00:36:45 +0000"
    },
    "done": true
  },
  "pfm:grant_book_on_first_join": {
    "criteria": {
      "tick": "2024-09-08 00:33:56 +0000"
    },
    "done": true
  },
  "pfm:recipes/pfm.furniture/acacia_raw_table_log": {
    "criteria": {
      "has_log": "2024-09-08 01:30:59 +0000"
    },
    "done": true
  },
  "minecraft:recipes/combat/leather_chestplate": {
    "criteria": {
      "has_leather": "2024-09-08 04:36:19 +0000"
    },
    "done": true
  },
  "minecraft:recipes/building_blocks/acacia_planks": {
    "criteria": {
      "has_log": "2024-09-08 01:30:59 +0000"
    },
    "done": true
  },
  "valhelsia_structures:recipes/valhelsia_structures_main/bone_pile_block": {
    "criteria": {
      "has_item": "2024-09-08 01:31:28 +0000"
    },
    "done": true
  },
  "pfm:recipes/pfm.furniture/oak_kitchen_counter_oven": {
    "criteria": {
      "has_planks": "2024-09-08 00:36:45 +0000"
    },
    "done": true
  },
  "minecraft:recipes/redstone/oak_button": {
    "criteria": {
      "has_planks": "2024-09-08 00:36:45 +0000"
    },
    "done": true
  },
  "pfm:recipes/pfm.furniture/stripped_acacia_kitchen_wall_drawer": {
    "criteria": {
      "has_planks": "2024-09-08 04:52:57 +0000"
    },
    "done": true
  },
  "minecraft:recipes/misc/iron_ingot": {
    "criteria": {
      "has_iron_ore": "2024-09-08 03:38:22 +0000"
    },
    "done": true
  },
  "pfm:recipes/pfm.furniture/grimwood_atmospheric_orange_simple_bed": {
    "criteria": {
      "has_bed": "2024-09-08 03:30:47 +0000"
    },
    "done": true
  },
  "pfm:recipes/pfm.furniture/oak_simple_bunk_ladder": {
    "criteria": {
      "has_planks": "2024-09-08 00:36:45 +0000"
    },
    "done": true
  },
  "farmersdelight:recipes/farmersdelight/flint_knife": {
    "criteria": {
      "has_stick": "2024-09-08 00:37:04 +0000"
    },
    "done": true
  },
  "minecraft:recipes/building_blocks/polished_andesite": {
    "criteria": {
      "has_stone": "2024-09-08 03:55:03 +0000"
    },
    "done": true
  },
  "pfm:recipes/pfm.furniture/acacia_orange_classic_bed": {
    "criteria": {
      "has_bed": "2024-09-08 03:30:47 +0000"
    },
    "done": true
  },
  "pfm:recipes/pfm.furniture/stripped_spruce_kitchen_counter_oven": {
    "criteria": {
      "has_planks": "2024-09-08 03:33:18 +0000"
    },
    "done": true
  },
  "pfm:recipes/pfm.furniture/birch_simple_bunk_ladder": {
    "criteria": {
      "has_planks": "2024-09-08 03:07:31 +0000"
    },
    "done": true
  },
  "pfm:recipes/pfm.furniture/kitchen_stovetop": {
    "criteria": {
      "has_iron_ingot": "2024-09-08 03:44:30 +0000"
    },
    "done": true
  },
  "minecraft:recipes/redstone/iron_door": {
    "criteria": {
      "has_iron_ingot": "2024-09-08 03:44:30 +0000"
    },
    "done": true
  },
  "pfm:recipes/pfm.furniture/red_simple_sofa": {
    "criteria": {
      "has_wool": "2024-09-08 00:36:37 +0000"
    },
    "done": true
  },
  "minecraft:recipes/redstone/oak_door": {
    "criteria": {
      "has_planks": "2024-09-08 00:36:45 +0000"
    },
    "done": true
  },
  "farmersdelight:recipes/farmersdelight/diamond_knife": {
    "criteria": {
      "has_diamond": "2024-09-08 04:25:33 +0000"
    },
    "done": true
  },
  "securitycraft:recipes/securitycraft/motion_activated_light": {
    "criteria": {
      "has_stick": "2024-09-08 00:37:04 +0000"
    },
    "done": true
  },
  "pfm:recipes/pfm.furniture/birch_classic_nightstand": {
    "criteria": {
      "has_planks": "2024-09-08 03:07:31 +0000"
    },
    "done": true
  },
  "minecraft:recipes/transportation/jungle_boat": {
    "criteria": {
      "in_water": "2024-09-08 00:42:47 +0000"
    },
    "done": true
  },
  "minecraft:adventure/shoot_arrow": {
    "criteria": {
      "shot_arrow": "2024-09-08 04:49:23 +0000"
    },
    "done": true
  },
  "minecraft:recipes/building_blocks/birch_stairs": {
    "criteria": {
      "has_planks": "2024-09-08 03:07:31 +0000"
    },
    "done": true
  },
  "securitycraft:recipes/securitycraft/mine": {
    "criteria": {
      "has_iron": "2024-09-08 03:44:30 +0000"
    },
    "done": true
  },
  "minecraft:recipes/redstone/heavy_weighted_pressure_plate": {
    "criteria": {
      "has_iron_ingot": "2024-09-08 03:44:30 +0000"
    },
    "done": true
  },
  "pfm:recipes/pfm.furniture/oak_chair_classic": {
    "criteria": {
      "has_planks": "2024-09-08 00:36:45 +0000"
    },
    "done": true
  },
  "farmersdelight:recipes/farmersdelight/golden_knife": {
    "criteria": {
      "has_gold_ingot": "2024-09-08 01:23:40 +0000"
    },
    "done": true
  },
  "pfm:recipes/pfm.furniture/birch_kitchen_sink": {
    "criteria": {
      "has_planks": "2024-09-08 03:07:31 +0000"
    },
    "done": true
  },
  "minecraft:recipes/transportation/dark_oak_boat": {
    "criteria": {
      "in_water": "2024-09-08 00:42:47 +0000"
    },
    "done": true
  },
  "minecraft:recipes/transportation/carrot_on_a_stick": {
    "criteria": {
      "has_carrot": "2024-09-08 00:53:42 +0000"
    },
    "done": true
  },
  "minecraft:recipes/building_blocks/pink_wool": {
    "criteria": {
      "has_white_wool": "2024-09-08 00:38:04 +0000"
    },
    "done": true
  },
  "minecraft:recipes/decorations/andesite_wall_from_andesite_stonecutting": {
    "criteria": {
      "has_andesite": "2024-09-08 03:55:03 +0000"
    },
    "done": true
  },
  "pfm:recipes/pfm.furniture/stripped_spruce_chair_classic": {
    "criteria": {
      "has_planks": "2024-09-08 03:33:18 +0000"
    },
    "done": true
  },
  "pfm:recipes/pfm.furniture/acacia_table_dinner": {
    "criteria": {
      "has_planks": "2024-09-08 01:31:03 +0000"
    },
    "done": true
  },
  "pfm:recipes/pfm.furniture/acacia_table_classic": {
    "criteria": {
      "has_planks": "2024-09-08 01:31:03 +0000"
    },
    "done": true
  },
  "minecraft:husbandry/breed_an_animal": {
    "criteria": {
      "bred": "2024-09-08 04:42:41 +0000"
    },
    "done": true
  },
  "minecraft:recipes/redstone/birch_trapdoor": {
    "criteria": {
      "has_planks": "2024-09-08 03:07:31 +0000"
    },
    "done": true
  },
  "minecraft:recipes/combat/golden_leggings": {
    "criteria": {
      "has_gold_ingot": "2024-09-08 01:23:40 +0000"
    },
    "done": true
  },
  "securitycraft:recipes/securitycraft/briefcase": {
    "criteria": {
      "has_iron": "2024-09-08 03:44:30 +0000"
    },
    "done": true
  },
  "pfm:recipes/pfm.furniture/lime_arm_chair": {
    "criteria": {
      "has_wool": "2024-09-08 00:36:37 +0000"
    },
    "done": true
  },
  "pfm:recipes/pfm.furniture/kousa_atmospheric_orange_simple_bed": {
    "criteria": {
      "has_bed": "2024-09-08 03:30:47 +0000"
    },
    "done": true
  },
  "pfm:recipes/pfm.furniture/birch_kitchen_wall_drawer": {
    "criteria": {
      "has_planks": "2024-09-08 03:07:31 +0000"
    },
    "done": true
  },
  "minecraft:recipes/building_blocks/stripped_spruce_wood": {
    "criteria": {
      "has_log": "2024-09-08 03:33:18 +0000"
    },
    "done": true
  },
  "pfm:recipes/pfm.furniture/gray_arm_chair": {
    "criteria": {
      "has_wool": "2024-09-08 00:36:37 +0000"
    },
    "done": true
  },
  "pfm:recipes/pfm.furniture/oak_chair_modern": {
    "criteria": {
      "has_planks": "2024-09-08 00:36:45 +0000"
    },
    "done": true
  },
  "minecraft:recipes/combat/diamond_boots": {
    "criteria": {
      "has_diamond": "2024-09-08 04:25:33 +0000"
    },
    "done": true
  },
  "securitycraft:recipes/securitycraft/reinforced_fence_gate": {
    "criteria": {
      "has_iron": "2024-09-08 03:44:30 +0000"
    },
    "done": true
  },
  "minecraft:recipes/decorations/soul_campfire": {
    "criteria": {
      "has_stick": "2024-09-08 00:37:04 +0000"
    },
    "done": true
  },
  "minecraft:story/smelt_iron": {
    "criteria": {
      "iron": "2024-09-08 03:44:30 +0000"
    },
    "done": true
  },
  "minecraft:recipes/building_blocks/mossy_cobblestone_stairs": {
    "criteria": {
      "has_mossy_cobblestone": "2024-09-08 03:35:26 +0000"
    },
    "done": true
  },
  "pfm:recipes/pfm.furniture/aspen_atmospheric_orange_simple_bed": {
    "criteria": {
      "has_bed": "2024-09-08 03:30:47 +0000"
    },
    "done": true
  },
  "pfm:recipes/pfm.furniture/stripped_spruce_kitchen_cabinet": {
    "criteria": {
      "has_planks": "2024-09-08 03:33:18 +0000"
    },
    "done": true
  },
  "minecraft:recipes/building_blocks/bone_block": {
    "criteria": {
      "has_bonemeal": "2024-09-08 20:22:29 +0000"
    },
    "done": true
  },
  "DataVersion": 2586
}